# Catalog Locus ID	Cnt	93OAPtu	92OAPtu	113OAPtu	117OAPtu	123OAPtu	127OAPtu	129OAPtu	132OAPtu	133OAPtu	137OAPtu	149FFSPtu	150FFSPtu	151FFSPtu	152FFSPtu	153FFSPtu	158FFSPtu	159FFSPtu	160FFSPtu	161FFSPtu	164MRPtu	165MRPtu	169MRPtu	172MRPtu	175MRPtu	178PHPtu	179PHPtu	180PHPtu	181PHPtu	187KURPtu	188KURPtu	190KURPtu	191KURPtu	192KURPtu	193KURPtu	197KURPtu	198KURPtu	202KURPtu	204KURPtu	210PBPtu	211PBPtu	214PBPtu	78MAPtu	79MAPtu	80MAPtu	85MAPtu	220MAPtu	222MAPtu	228MAPtu	233MAPtu	238MAPtu	246MAPtu	314MOPtu	317MOPtu	319MOPtu	322MOPtu	326MOPtu	330MOPtu	332MOPtu	348MOPtu	350MOPtu	352MOPtu	393BIPtu	397BIPtu	398BIPtu	399BIPtu	405BIPtu	408BIPtu	412BIPtu	413BIPtu	414BIPtu	415BIPtu	420BIPtu	421BIPtu	422BIPtu	423BIPtu	424BIPtu	428BIPtu	429BIPtu	445KAPtu	451KAPtu	458KAPtu	460KAPtu	461KAPtu	469KAPtu	471KAPtu	478KAPtu	480KAPtu	481KAPtu	482KAPtu	483KAPtu	485KAPtu	486KAPtu	491KAPtu
327	88	AGT/AGT	AGT/AGT	AGT/AGT	AGT/AGT	AGT/AGT	AGT/AGT	AGT/AGT	AGT/AGT	AGT/AGT	AGT/AGT	AGT/AGT	-	AGT/AGT	AGT/AGT	AGT/AGT	AGT/AGT	AGT/AGT	AGT/AGT	-	AGT/AGT	AGT/AGT	AGT/AGT	AGT/AGT	AGT/AGT	AGT/AGT	-	AGT/AGT	AGT/AGT	AGT/AGT	AGT/AGT	AGT/AGT	AGT/AGT	AGT/AGT	AGT/AGT	AGT/AGT	AGT/AGT	AGT/AGT	AGT/AGT	AGT/AGT	AGT/AGT	AGT/AGT	AGT/AGT	AGG/AGT	AGT/AGT	AGT/AGT	AGT/AGT	AGT/AGT	AGT/AGT	AGT/AGT	AGT/AGT	AGT/AGT	AGT/AGT	AGT/AGT	AGT/AGT	AGT/AGT	AGT/AGT	AGT/AGT	AGT/AGT	AGT/AGT	ANT/ANT	AGT/AGT	AGT/AGT	AGT/AGT	AGT/AGT	AGT/GGT	AGT/AGT	AGT/AGT	AGT/AGT	AGT/AGT	AGT/AGT	AGT/AGT	AGT/AGT	AGT/AGT	AGT/AGT	AGT/AGT	AGT/AGT	AGN/AGN	AGT/AGT	AGT/AGT	-	AGT/AGT	AGT/AGT	AGT/AGT	AGT/AGT	AGT/AGT	AGT/AGT	AGT/AGT	-	AGT/AGT	AGT/AGT	AGT/AGT	AGT/AGT	AGT/ACT
878	84	A/G	A/G	A/G	G/G	A/G	A/G	A/G	G/G	A/G	A/G	A/G	G/G	N/N	A/G	A/G	A/G	G/G	A/G	A/G	A/G	A/G	A/G	A/G	A/G	A/G	A/G	N/N	A/G	A/G	A/G	A/G	A/G	A/G	A/G	A/G	-	A/G	A/G	A/G	A/G	A/G	A/G	A/G	A/G	A/G	A/G	-	G/G	A/G	A/G	A/G	A/G	A/G	G/G	-	A/G	G/G	G/G	A/G	-	A/G	G/G	A/G	A/G	-	G/G	G/G	A/G	A/G	A/G	A/G	A/G	A/G	-	A/G	G/G	-	N/N	A/G	A/G	-	A/G	G/G	A/G	A/G	A/G	A/G	G/G	A/G	A/G	A/G	A/G	-
905	84	consensus	consensus	consensus	-	-	consensus	consensus	consensus	consensus	consensus	-	-	consensus	consensus	consensus	consensus	consensus	consensus	consensus	consensus	consensus	consensus	consensus	consensus	consensus	-	consensus	consensus	consensus	consensus	consensus	consensus	consensus	consensus	consensus	consensus	consensus	consensus	consensus	consensus	consensus	-	consensus	consensus	consensus	consensus	consensus	consensus	consensus	consensus	-	consensus	consensus	consensus	consensus	consensus	consensus	-	consensus	consensus	consensus	consensus	consensus	consensus	consensus	consensus	consensus	consensus	consensus	consensus	consensus	consensus	consensus	consensus	consensus	consensus	consensus	consensus	consensus	-	consensus	consensus	consensus	consensus	consensus	consensus	consensus	consensus	consensus	consensus	consensus	consensus	consensus
1180	89	GAGCT/GAGCT	GAGCT/GAGCT	GAGCT/GAGCT	GAGCT/GAGCT	GAGCT/GAGCT	GAGCT/GAGCT	GAGCT/GAGCT	GAGCT/GAGCT	GAGCT/GAGCT	GAGCT/GAGCT	GAGCT/GAGCT	GAGCT/GAGCT	GAGCT/GAGCT	GACCT/GAGCT	GAGCT/GAGCT	GAGCT/GAGCT	GAGCT/GAGCT	GAGCT/GAGCT	GAGCT/GAGCT	GAGCT/GAGCT	GAGCT/GAGCT	GAGCT/GAGCT	GAGCT/GAGCT	GAGCT/GAGCT	GAGCT/GAGCT	-	GAGCT/GAGCT	GAGCT/GAGCT	GAGCT/GAGCT	GAGCT/GAGCT	GAGCT/GAGCT	GAGCT/GAGCT	GAGCT/GAGCT	GAGCT/GAGCT	GAGCT/GAGCT	GAGCT/GAGCT	GAGCT/GAGCT	GAGCT/GAGCT	GAGCT/GAGCT	GAGCT/GAGCT	GAGCT/GAGCT	-	GAGCT/GAGCT	GAGCT/GAGCT	GAGCT/GAGCT	GAGCT/GAGCT	GAGCT/GAGCT	GAGCT/GAGCT	GAGCT/GAGCT	GAGCT/GAGCT	GAGCT/GAGCT	GAGCT/GAGCT	GAGCT/GAGCT	GAGCT/GAGCT	GAGCT/GAGCT	GAGCT/GAGCT	GAGCT/GAGCT	-	GAGCT/GAGCT	GAGCT/GAGCT	GAGCT/GAGCT	GAGCT/GAGCT	GAGCT/GAGCT	GAGCT/GAGCT	GAGCT/GAGCT	AAGCT/GAGCT	GAGCT/GAGCT	GAGCT/GAGCT	GAGCT/GAGCT	GAGCT/GAGCT	GAGCT/GAGCT	GAGCT/GAGCT	GAGCC/GAGCT	GAGCT/GAGCT	GAGCT/GAGCT	GAGCT/GAGCT	GAGCT/GAGCT	GAGCT/GAGCT	GAGCT/GAGCT	-	GAGCT/GAGCT	GAGCT/GAGCT	GAGCT/GAGTT	GAGCT/GTGCT	GAGCT/GAGCT	GAGCT/GAGCT	GAGCT/GAGCT	GAGCT/GAGCT	GAGCT/GAGTT	GAGCT/GAGCT	GAGCT/GAGCT	GAGCC/GAGCT	GAGCT/GAGCT
1201	87	A/G	A/G	A/G	-	A/G	A/G	A/G	A/G	A/G	-	-	A/G	A/G	A/G	A/G	A/G	A/A	A/G	A/G	A/A	A/G	A/G	A/G	A/G	A/G	-	A/G	A/G	A/G	A/G	A/G	A/G	A/G	A/G	A/G	A/G	A/G	A/G	A/G	A/G	A/G	-	-	A/G	A/G	A/A	A/G	A/G	A/G	A/G	A/G	A/G	A/G	A/G	A/G	N/N	A/G	A/G	A/G	A/G	A/G	A/G	A/G	A/G	A/G	N/N	A/G	A/G	A/G	A/G	A/G	A/G	A/G	A/G	A/A	A/G	A/G	A/G	A/G	N/N	A/G	A/G	A/G	A/G	A/G	A/G	A/G	A/G	A/G	A/G	A/G	A/G	A/G
1257	89	CGG/CGG	CGG/CGG	CGG/CGG	CGG/CGG	CGG/CGG	CGN/CGN	CCA/CCA	CGG/CGG	CGG/CGG	CGG/CGG	CGG/CGG	-	CGG/CGG	CGG/CGG	CGG/CGG	CCA/CCA	CCA/CCA	CCA/CCA	NGG/NGG	CCG/CCG	CCG/CCG	CGG/CGG	CGG/CGG	CGG/CGG	CGG/CGG	-	CGG/CGG	CGG/CGG	CGG/CGG	CGG/CGG	CGG/CGG	CGG/CGG	CGG/CGG	CGG/CGG	CGG/CGG	CGG/CGG	CGG/CGG	CGG/CGG	CGG/CGG	CGG/CGG	CGG/CGG	-	CGG/CGG	CGG/CGG	CGG/CGG	CCA/CCA	CGG/CGG	CCG/CCG	CGG/CGG	CGG/CGG	CGG/CGG	CGG/CGG	CCG/CCG	CCA/CCA	CCA/CCA	CCA/CCA	CCA/CCA	CCG/CCG	CGG/CGG	CGG/CGG	CGG/CGG	NNG/NNG	CCG/CGG	CGG/CGG	CCG/CCG	CCA/CCA	CGG/CGG	CGG/CGG	NCG/NCG	CGG/CGG	CNG/CNG	CGG/CGG	CGG/CGG	CGG/CGG	CCA/CCA	CCN/CCN	CCG/CCG	CCG/CCG	CCG/CCG	-	CGG/CGG	CGG/CGG	CGG/CGG	CGG/CGG	CGG/CGG	CGG/CGG	CGG/CGG	CNG/GNG	CGG/CGG	CGN/CGN	CGG/CGG	CGG/CGG	CGG/CGG
1334	89	TCC/TCC	TCC/TCC	TCC/TCC	TCC/TCC	TCC/TCC	TCC/TCC	TCC/TCC	TCC/TCC	TCC/TCC	TCC/TCC	TCC/TCC	TCC/TCC	TCC/TCC	TCC/TCC	TCC/TCC	CCC/TCC	TCC/TCC	NCC/NCC	TAC/TCC	TCC/TCC	TCC/TCC	TCC/TCC	TCC/TCC	-	TCC/TCC	TCC/TCC	TCC/TCC	TCC/TCC	TCC/TCC	TCC/TCC	TCC/TCC	TCC/TCC	TCC/TCC	TCC/TCC	TCC/TCT	TCC/TCC	TCC/TCC	TCC/TCC	TCC/TCC	TCC/TCC	TCC/TCC	-	TCC/TCC	TCC/TCC	TCC/TCC	TCC/TCC	TCC/TCC	TCC/TCC	TCC/TCC	TCC/TCC	-	TCC/TCC	TCC/TCC	TCC/TCC	TCC/TCC	TCC/TCC	-	TCC/TCC	TCC/TCC	TCC/TCC	TCC/TCC	TCC/TCC	TCC/TCC	TCN/TCN	TCC/TCC	TCC/TCC	TCC/TCC	TCC/TCC	TCC/TCC	TCC/TCC	TCC/TCC	TCC/TCC	TCC/TCC	TCC/TCC	TCC/TCC	TCC/TCC	TCC/TCC	TCC/TCC	TCC/TCC	TCC/TCC	TCC/TCC	TCC/TCC	TCC/TCC	TCC/TCC	TCC/TCC	TCC/TCC	TCC/TCC	TCC/TCC	TCC/TCC	TCC/TCC	TCC/TCC	TCC/TCC	TCC/TCC
1558	78	-	TCTGG/TCTGG	TCTGA/TCTGG	TCTGG/TCTGG	TCTGG/TCTGG	TCTGG/TCTGG	TCTGG/TCTGG	TCTGG/TCTGG	TCTGG/TCTGG	TCTGG/TGTGG	-	-	TCTGG/TCTGG	TCTGG/TCTGG	TCTGG/TCTGG	ACCAG/TCTGG	TCTGG/TCTGG	TCTGG/TCTGG	TCTGG/TCTGG	TCTGG/TCTGG	TCTGG/TCTGG	TCTGG/TCTGG	TCTGG/TCTGG	TCTGG/TCTGG	TCTGG/TCTGG	TCTGG/TCTGG	-	TCTGG/TCTGG	-	TCTGG/TCTGG	TCTGG/TCTGG	TCTGG/TCTGG	TCTGG/TCTGG	-	TCTGG/TCTGG	TCTGG/TCTGG	TCTGG/TCTGG	TCTGG/TCTGG	TCTGG/TCTGG	TCTGG/TCTGG	TCTGG/TCTGG	-	TCTGG/TCTGG	TCTGG/TCTGG	TCTGG/TCTGG	TCTGG/TCTGG	TCTGG/TCTGG	TCTGG/TCTGG	TCTGG/TCTGG	TCTGG/TCTGG	-	TCTGG/TCTGG	TCTGG/TCTGG	TCTGG/TCTGG	-	TCTGG/TCTGG	-	TCTGG/TCTGG	TCTGG/TCTGG	TCTGG/TCTGG	TCTGG/TCTGG	TCTGG/TCTGG	-	TCTGG/TCTGG	TCTGG/TCTGG	-	-	TCTGG/TCTGG	TCTGG/TCTGG	TCTGG/TCTGG	TCTGG/TCTGG	TCTGG/TCTGG	TCTGG/TCTGG	TCTGG/TCTGG	TCTGG/TCTGG	TCTGG/TCTGG	TCTGG/TCTGG	TCTGG/TCTGG	TCTGG/TCTGG	-	TCTGG/TCTGG	TCTGG/TCTGG	TCTGG/TCTGG	TCTGG/TCTGG	-	TCTGG/TCTGG	TCTGG/TCTGG	TCTGG/TCTGG	TCTGG/TCTGG	TCTGG/TCTGG	TCTGG/TCTGG	TCTGG/TCTGG	TCTGG/TCTGG
1875	87	A/A	N/N	A/A	A/A	A/A	A/A	A/A	A/A	A/A	A/A	A/A	N/N	A/A	A/A	A/A	A/A	A/A	A/A	A/A	A/A	A/A	A/A	A/A	A/A	A/A	A/A	A/A	A/A	A/A	A/A	A/A	A/A	A/A	N/N	A/A	-	A/A	A/A	A/A	A/A	A/A	-	A/A	A/A	A/A	A/A	A/A	A/G	-	A/A	A/A	A/A	-	A/A	A/A	A/A	A/A	A/A	A/A	A/A	A/A	A/A	A/G	A/A	A/A	A/A	A/A	A/A	A/A	A/A	A/A	A/A	A/A	A/A	A/A	A/A	A/A	A/A	N/N	-	A/A	A/A	A/A	A/A	A/A	A/A	A/A	-	A/A	A/A	A/A	A/A	A/A
2388	83	GC/GC	GC/GC	GC/GC	GC/GC	-	GC/GC	GC/GC	GC/GC	-	GC/GC	GC/GC	GC/GC	GC/GC	GC/GC	GC/GC	GC/GC	GC/GC	GC/GC	-	GC/GC	GC/GC	GC/GC	GC/GC	-	GC/GC	GC/GC	GC/GC	GC/GC	GC/GC	GC/GC	GC/GC	GC/GC	GC/GC	GC/GC	GC/GC	GC/GC	GC/GC	GC/GC	GC/GC	GC/GC	GC/GC	-	GC/GC	GC/GC	GC/GC	GC/GC	GC/GC	GC/GC	GC/GC	GC/GC	-	GC/GC	GC/GC	GC/TC	GC/GC	GC/GC	GC/GC	GC/GC	GC/GC	GC/GC	GC/GC	GC/GC	GC/GC	GC/GT	GC/GC	GC/GC	-	GC/GC	GC/GC	GC/GC	-	GC/GC	GC/GC	-	GC/GC	GC/GC	GC/GC	GC/GC	GC/GC	-	GC/GC	GC/GC	GC/GC	GC/GC	GC/GC	GC/GC	GC/GC	GC/GC	GC/GC	GC/GC	GC/GC	GC/GC	GC/GC
2583	88	A/A	A/A	A/A	A/A	A/A	A/A	A/A	A/A	A/A	A/A	A/A	A/A	A/A	A/A	A/A	A/A	A/A	-	A/A	A/A	A/A	A/A	A/A	A/A	A/A	A/G	A/A	A/A	A/A	A/A	A/A	A/A	A/A	A/A	A/A	A/A	A/A	A/A	A/A	A/A	A/A	-	A/A	-	A/A	A/A	A/A	A/A	A/A	A/A	A/A	A/A	A/A	A/A	A/A	A/A	A/A	A/A	A/A	A/A	A/A	A/A	A/A	A/A	A/A	A/A	A/A	A/A	A/A	A/A	-	A/A	A/A	A/A	A/A	A/A	A/A	A/A	A/A	-	A/A	A/A	A/A	A/A	A/A	A/A	A/A	A/A	A/A	A/A	A/A	A/A	A/A
2717	88	GAGTCGCT/GAGTCGCT	GAGTCGCT/GAGTCGCT	GAGTCGCT/GAGTCGCT	GAGTCGCT/GAGTCGCT	GAGTCGCT/GAGTCGCT	GAGTCGCT/GAGTCGCT	GAGTCCCT/GAGTCGCT	GAGTCGCT/GAGTCGCT	GAGTCGCT/GAGTCGCT	GAGTCGCT/GAGTCGCT	-	-	GAGTCGCT/GAGTCGCT	GAGTCGCT/GAGTCGCT	GAGTCGCT/GAGTCGCT	GAGTCGCT/GAGTCGCT	GAGTCGCT/GAGTCGCT	GAGTCGCT/GAGTCGCT	GAGTCGCT/GAGTCGCT	GAGTCGCT/GAGTCGCT	GAGTCGCT/GAGTCGCT	-	GAGTCGCT/GAGTCGCT	GAGTCGCT/GAGTCGCT	GAGTCGCT/GAGTCGCT	GAGTCGCT/GAGTCGCT	GAGTCGCT/GAGTCGCT	GAGTAGCT/GAGTCGCT	GAGTCGCT/GAGTCGCT	GAGTCGCT/GAGTCGCT	GAGTCGCG/GAGTCGCT	GAGTCGCT/GAGTCGCT	GAGTCGCT/GAGTCGCT	GAGTCGCT/GAGTCGCT	GAGTCGCT/GAGTCGCT	GAGTCGCT/GAGTCGCT	GAATCGCT/GAGTCGCT	GAGTCGAT/GAGTCGCT	GAGTCGCT/GAGTCGCT	GAGTCGCT/GAGTCGCT	GAGTCGCT/GAGTCGCT	-	GAGTCGCT/GAGTCGCT	GAGTCGCT/GAGTCGCT	GAGTCGCT/GAGTCGCT	GAGTCGCT/GAGTCGCT	GAGTCGCT/GAGTCGCT	GAGACGCT/GAGTCGCT	GAGTCGCT/GAGTCGCT	GAGTCGCT/GAGTCGCT	GAGTCGCT/GAGTCGCT	GAGTCGCT/GAGTCGCT	GAGTCGCT/GAGTCGCT	-	GAGTCGCT/GAGTCGCT	GAGTCGCT/GAGTCGCT	GAGTCGCT/GAGTCGCT	GAGTCGCT/GAGTCGCT	GAGTCGCT/GAGTCGCT	GAGTCGCT/GAGTCGCT	GAGTCGCT/GAGTCGCT	GAGTCGCT/GAGTCGCT	GAGTCGCT/GAGTCGCT	GAGTCGCT/GAGTCGCT	GAGTCGCT/GAGTCGCT	GAGTCGCT/GAGTCGCT	GAGTCGCT/GAGTCGCT	GAGTCGCT/GAGTCGCT	GAGTCGCT/GAGTCGCT	GAGTCGCT/GAGTCGCT	GAGTCGCT/GAGTCGCT	GAGTCGCT/GAGTCGCT	GAGTCGCT/GAGTCGCT	GAGTCGCT/GGGTCGCT	GAGTCGCT/GAGTCGCT	GAGTCGCT/GAGTCGCT	GAGTCGCT/GAGTCGCT	GAGACGCT/GAGTCGCT	GAGTCGCT/GAGTCGCT	GAGTCGCT/GAGTCGCT	GAGTCGCT/GAGTCGCT	GAGTCGCT/GAGTCGCT	GAGTCGCT/GAGTCGCT	GAGTCGCT/GAGTCGCT	AAGTCGCT/GAGTCGCT	GAGTCGCT/GAGTCGCT	GAGTCGCT/GAGTCGCT	GAGTCGCT/GAGTCGCT	GAGTCGCT/GAGTCGCT	GAGTCGCT/GAGTCGCT	GAGTCGCT/GAGTCGCT	GAGTCGCT/GAGTCGCT	GAGTCGCT/GAGTCGCT
3586	90	GT/GT	GT/GT	GT/GT	GT/GT	-	GT/GT	GG/GT	GT/GT	GT/GT	GT/GT	GT/GT	GT/GT	GT/GT	GT/GT	GT/GT	GG/GT	GN/GN	GG/GT	GT/GT	GT/GT	GT/GT	GT/GT	GT/GT	GT/GT	GT/GT	GT/GT	GT/GT	GT/GT	GT/GT	GT/GT	GT/GT	GT/GT	GT/GT	GT/GT	GT/GT	GT/GT	GT/GT	GT/GT	GT/GT	GT/GT	GT/GT	-	GT/GT	GT/GT	GT/GT	GG/GT	GT/GT	GT/GT	GT/GT	GT/GT	GT/GT	GT/GT	GT/GT	GG/GT	GG/GT	GG/GT	GN/GN	GT/GT	GT/GT	GT/GT	GT/GT	GT/GT	GT/GT	GT/GT	GT/GT	GN/GN	GT/GT	GT/GT	GT/GT	GT/GT	GT/GT	GT/GT	GT/GT	GT/GT	GG/GT	GG/GT	GT/GT	GT/GT	GT/GT	-	GT/GT	GT/GT	GT/GT	GT/GT	GT/GT	GT/GT	GT/GT	GT/GT	GT/GT	GT/GT	GT/GT	AT/GT	GT/GT
3961	85	/	/	/	-	/	/	/	/	-	/	/	-	/	/	/	/	/	/	/	/	/	/	/	/	/	-	/	/	/	/	/	/	/	/	/	/	/	/	/	/	/	-	/	/	/	/	/	/	-	/	/	/	/	/	/	/	/	/	/	/	/	/	/	/	/	/	/	/	/	/	/	/	/	/	/	/	/	/	/	-	/	/	/	/	/	/	/	-	/	/	/	/	/
4304	82	GT/GT	GT/GT	GT/GT	GT/GT	GT/GT	GT/GT	GT/GT	GT/GT	-	GT/GT	GT/GT	GT/GT	GT/GT	GT/GT	GT/GT	GT/GT	CT/GT	GC/GT	-	GT/GT	GT/GT	-	GT/GT	GT/GT	GT/GT	-	GT/GT	GT/GT	GT/GT	GT/GT	GT/GT	GT/GT	GT/GT	GT/GT	GT/GT	GT/GT	GT/GT	GT/GT	GT/GT	GT/GT	GT/GT	-	GT/GT	GT/GT	GT/GT	GT/GT	GT/GT	-	GT/GT	GT/GT	GT/GT	GT/GT	GT/GT	GT/GT	GT/GT	GT/GT	GT/GT	GT/GT	GT/GT	GT/GT	GT/GT	-	GT/GT	GT/GT	GT/GT	GT/GT	-	GT/GT	GT/GT	GT/GT	-	GT/GT	GT/GT	GT/GT	GT/GT	GT/GT	GT/GT	GT/GT	-	-	GT/GT	GT/GT	GT/GT	GT/GT	GT/GT	GT/GT	GT/GT	GT/GT	GT/GT	GT/GT	GT/GT	GT/GT	GT/GT
4434	82	C/C	C/C	C/C	C/C	C/C	C/C	C/C	C/C	C/C	C/C	-	C/C	C/C	C/C	-	C/C	C/C	C/C	C/C	C/C	C/C	C/C	C/C	-	-	C/C	C/C	C/C	C/C	C/C	C/C	C/C	C/C	C/C	C/C	C/C	C/C	C/C	C/C	C/C	C/C	-	C/C	-	C/C	C/C	C/C	C/C	C/C	C/C	C/C	C/C	-	C/G	C/C	C/C	C/C	C/C	C/C	C/C	C/C	C/C	C/C	C/C	C/C	C/C	C/C	C/C	C/C	C/C	-	C/C	C/C	C/C	C/C	C/C	C/C	C/C	C/C	-	C/C	C/C	C/C	C/C	C/C	C/C	C/C	-	C/C	C/C	-	C/C	C/C
4438	82	TGGCGCAA/TGGCGCAA	TGGCGCAA/TGGCGCAA	TGGCGCAA/TGGCGCAA	-	TGGCGCAA/TGGCGCAA	TAGCGCAA/TGGCGCAA	TGGCGCAA/TGGCGCAA	TGGCGCAA/TGGCGCAA	-	TGGCGCAA/TGGCGCAA	-	TGGCGCAA/TGGCGCAA	TGGCGCAA/TGGCGCAA	TGGCGCAA/TGGCGCAA	TNGCGCAA/TNGCGCAA	TGGCGCAA/TGGCGCAA	CGGCGCAA/TGGCGCAA	TGGCGCAA/TGGCGCAA	TGGCGCAA/TGGCGCAA	TGGCGCAA/TGGCGCAA	-	TGGCGCAA/TGGCGCAA	TGGCGCAA/TGGCGCAA	TGGCGCAA/TGGCGCAA	TGGCGCAA/TGGCGCAA	-	TGGCGCAA/TGGCGCAA	TGGCGCAA/TGGCGCAA	TGGCGCAA/TGGCGCAA	TGGCGCNA/TGGCGCNA	TGGCGCAA/TGGCGCAA	TGGCGCAA/TGGCGCAA	TGGCGCAA/TGGCGCAA	TGGCGCAA/TGGCGCAA	TGGCGCAA/TGGCGCAA	TGGCGCAA/TGGCGCAA	TGGCGCAA/TGGCGCAA	TGGCGCAA/TGGCGCAA	TGGCGCAA/TGGCGCAA	TGGCGCAA/TGGCGCAA	TGGCGCAA/TGGCGCAA	-	TGGCGCAA/TGGCGCAA	TGGCGCAA/TGGCGCAA	-	TGGCGCAA/TGGCGCAA	TGGCGCAA/TGGCGCAA	TGGCGCAA/TGGCGCAA	TGGCGCAA/TGGCGCAA	TGGCGCAA/TGGCGCAA	TGGCGCAA/TGGCGTAA	TGGCGCAA/TGGCGCAA	TGGCGCAA/TGGCGCAA	TGGCGCAA/TGGCGCAA	TGGCGCAA/TGGCGCAA	TGGCGCAA/TGGCGCAA	TGGCGCAA/TGGCTCAA	-	TGGCGCAA/TGGCGCAA	TGGCGCAA/TGGTGCAA	-	TGGCGCAA/TGGTGCAA	TGCCGCAA/TGGCGCAA	TGGCGCAA/TGGCGCAA	TGGCGCAA/TGGCGCAA	TGGCGCAA/TGGCGCAA	TGGCGCAA/TGGCGCAA	TGGCGCAA/TGGCGCAA	TGGCGCAA/TGGCGCAA	TGGCGCAA/TGGCGCAG	TGGCGCAA/TGGCGCAA	-	TGGCGCAA/TGGTGCAA	TGGCGCAA/TGGCGCAA	TGGCGCAA/TGGCGCAA	TGGCGCAA/TGGCGCAA	-	TGGCGCAA/TGGCGCAA	TGGCGCAA/TGGCGCAA	TGGCGCAA/TGGCGCAA	TGGCGCAA/TGGCGCTA	TGGCGCAA/TGGCGCAA	TGGCGCAA/TGGCGCAA	TGGCGCAA/TGGCGCAA	TGGCGCAA/TGGCGCAA	TGGCGCAA/TGGCGCAA	TGGCGCAA/TGGCGCAA	TGGCGCAA/TGGCGCAA	TGGCGCAA/TGGCGCAA	TGGCGCAA/TGGCGCAA	TGGCGCAA/TGGCGCAA	TGGCGCAA/TGGCGCAA	TGGCGCAA/TGGCGCAA
4442	85	TC/TC	TC/TC	TC/TC	TC/TC	TC/TC	TC/TC	TC/TG	TC/TC	TC/TC	TC/TC	TC/TC	TC/TC	TC/TC	TC/TC	TC/TC	TC/TC	TC/TC	TC/TC	TC/TC	TC/TC	TC/TC	-	AC/TC	TC/TC	TC/TC	-	TC/TC	TC/TC	TC/TC	TC/TC	TC/TC	TC/TC	-	TC/TC	-	TC/TC	TC/TC	TC/TC	TC/TC	TC/TC	TC/TC	-	TC/TC	-	TC/TC	TC/TC	TC/TC	TC/TC	TC/TC	TC/TC	TC/TC	TC/TC	TC/TC	TC/TC	TC/TC	TC/TC	TC/TC	TC/TC	TC/TC	TC/TC	TC/TC	-	TC/TC	TC/TC	TC/TC	TC/TC	-	TC/TC	TC/TC	TC/TC	TC/TC	TC/TC	TC/TC	TC/TC	TC/TC	TC/TC	TC/TC	TC/TC	TC/TC	TC/TC	TC/TC	TC/TC	TC/TC	TC/TC	TC/TC	TC/TC	TC/TC	TC/TC	TC/TC	TC/TC	TC/TC	TC/TC	TC/TC
4950	87	/	/	/	-	/	/	/	/	/	/	-	-	/	/	/	/	/	/	/	/	/	/	/	/	/	/	/	/	/	/	/	/	/	/	/	/	/	/	/	/	/	-	/	/	/	/	/	/	/	/	/	/	/	/	/	/	/	-	/	/	/	/	/	/	/	/	/	/	/	/	/	/	/	/	/	/	/	/	/	-	/	/	/	/	/	/	/	/	/	/	/	/	/
5059	87	G/G	G/G	G/G	-	G/G	G/G	G/G	G/G	-	G/G	G/G	G/G	G/G	G/G	A/G	G/G	G/G	G/G	G/G	G/G	G/G	G/G	G/G	G/G	G/G	-	G/G	G/G	G/G	G/G	G/G	G/G	G/G	G/G	G/G	G/G	G/G	G/G	G/G	G/G	G/G	-	G/G	G/G	G/G	G/G	G/G	G/G	-	G/G	G/G	G/G	G/G	G/G	G/G	G/G	G/G	G/G	G/G	G/G	G/G	G/G	G/G	G/G	G/G	G/G	G/G	G/G	G/G	G/G	G/G	G/G	G/G	G/G	G/G	G/G	G/G	G/G	G/G	-	G/G	G/G	G/G	G/G	G/G	G/G	G/G	G/G	G/G	G/G	G/G	G/G	G/G
8862	82	GGG/GGG	GGG/GGG	GGG/GGG	GGG/GGG	GGG/GGG	GGG/GGG	GGG/GGG	GGG/GGG	-	GGG/GGG	GGG/GGG	GGG/GGG	GGG/GGG	GGG/GGG	GGG/GGG	GGG/GGG	GGG/GGG	GGG/GGG	-	GGA/GGG	GGG/GGG	-	GGG/GGG	GGG/GGG	GGG/GGG	-	GGG/GGG	GGG/GGG	GGG/GGG	GGG/GGG	GGG/GGG	-	GGG/GGG	GGG/GGG	GGG/GGG	GGG/GGG	GGG/GGG	GGG/GGG	GGG/GGG	GGG/GGG	GGG/GGG	-	GGG/GGG	GGG/GGG	GGG/GGG	GGG/GGG	GGG/GGG	-	GGG/GGG	GGG/GGG	GGG/GGG	GGG/GGG	GGG/GGG	GGG/GGG	GGG/GGG	GGG/GGG	GGG/GGG	GGG/GGG	GGG/GGG	GGG/GGG	GGG/GGG	GGG/GGG	GGG/GGG	-	-	GGG/GGG	GGG/GGG	GGG/GGG	GGG/GGG	GGG/GGG	-	GGG/GGG	GGG/GGG	GGG/GGG	GGG/GGG	GGG/GGG	AAG/GGG	GGG/GGG	GGG/GGG	GGG/GGG	GGA/GGG	GGG/GGG	GGG/GGG	GGG/GGG	GGG/GGG	GGG/GGG	GGG/GGG	GGG/GGG	GGG/GGG	GGG/GGG	-	GGG/GGG	GGG/GGG
9578	89	C/C	C/C	C/C	C/C	C/C	C/C	C/C	C/C	C/C	C/C	C/T	C/C	C/C	C/C	C/C	C/C	C/C	C/C	C/C	C/C	C/C	C/C	C/C	-	C/C	-	C/C	C/C	C/C	C/C	C/C	C/C	C/C	C/C	C/C	C/C	C/C	C/C	C/C	C/C	C/C	-	C/C	C/C	C/C	C/C	C/C	C/C	C/C	-	C/C	C/C	C/C	C/C	C/C	C/C	C/C	C/C	C/C	C/C	C/C	C/C	C/C	C/C	C/C	C/C	C/C	C/C	C/C	C/C	C/C	C/C	C/C	C/C	C/C	C/C	C/C	C/C	C/C	C/C	C/C	C/C	C/C	C/C	C/C	C/C	C/C	C/C	C/C	C/C	C/C	C/C	C/C
9984	90	TCG/TCG	TCG/TCG	TCG/TCG	TCG/TCG	TCG/TCG	TCG/TCG	TCG/TCG	TCG/TCG	TCG/TCG	TCG/TCG	TCG/TCG	TCG/TCG	TCG/TCG	TCG/TCG	TCG/TCG	TCG/TCG	TCG/TCG	TCG/TCG	TCG/TCG	TCG/TCG	TCG/TCG	-	TCG/TCG	TCG/TCG	TCG/TCG	TCG/TCG	TCG/TCG	TCA/TCG	TCG/TTG	TCG/TCG	TCG/TCG	TCG/TCG	TCG/TCG	TCG/TCG	TCG/TCG	TCG/TCG	TCG/TCG	TCG/TCG	TCG/TCG	TCG/TCG	TCG/TCG	-	TCG/TCG	TCG/TCG	TCG/TCG	TCG/TCG	TCG/TCG	-	TCG/TCG	TCG/TCG	TCG/TCG	TCG/TCG	TCG/TCG	TCG/TCG	TCG/TCG	TCG/TCG	TCG/TCG	TCG/TCG	TCG/TCG	TCG/TCG	TCG/TCG	TCG/TCG	TCG/TCG	TCG/TCG	TCG/TCG	TCG/TCG	TCG/TCG	TCG/TCG	TCG/TCG	TCG/TCG	TCG/TCG	ACG/TCG	TCG/TCG	TCG/TCG	TCG/TCG	TCG/TCG	TCG/TCG	TCG/TCG	TCG/TCG	TCG/TCG	TCG/TCG	TCG/TCG	TCG/TCG	TCG/TCG	TCG/TCG	TCG/TCG	TCG/TCG	TCG/TCG	TCG/TCG	TCG/TCG	TCG/TCG	TCG/TCG	TCG/TCG
10061	87	C/C	C/C	C/C	C/C	-	C/C	C/C	C/C	C/C	C/C	-	C/C	C/C	C/C	C/C	C/C	C/C	C/C	C/C	C/C	C/C	C/C	C/C	C/C	C/C	-	C/C	C/C	C/C	C/C	C/C	C/C	C/C	C/C	C/C	C/C	C/C	C/C	C/C	C/C	C/C	-	C/C	C/C	C/C	C/C	C/C	C/C	C/C	C/C	-	C/C	C/C	C/C	C/C	C/C	C/C	C/C	C/T	C/C	C/C	C/C	C/C	C/C	C/C	C/C	C/C	C/C	C/C	C/C	C/C	C/C	C/C	C/C	C/C	C/C	C/C	C/C	C/C	-	C/C	C/C	C/C	C/C	C/C	C/C	C/C	C/C	C/C	C/C	C/C	C/C	C/C
11008	85	GC/GC	GC/GC	GC/GC	GC/GC	GC/GC	GC/GC	-	GC/GC	NC/NC	GC/GC	-	GC/GC	GC/GC	GC/GC	GC/GC	GC/GC	GC/GC	GC/GC	GC/GC	GC/GC	GC/GC	GC/GC	GC/GC	GC/GC	GC/GC	-	GC/GC	GC/GC	GC/GC	GC/GC	GC/GC	GC/GC	-	GC/GC	GC/GC	GC/GC	GC/GC	GC/GC	GC/GC	GC/GC	GC/GC	-	-	GC/GC	GC/GC	GC/GT	GC/GC	GC/GC	GC/GC	GC/GC	GC/GC	GC/GC	GC/GC	GC/GC	NC/NC	GN/GN	GC/GC	GC/GC	GC/GC	GC/GC	GC/GC	GC/GT	GC/GC	GC/GC	GC/GC	GC/GC	GC/GC	NN/NN	GC/GC	GC/GC	NC/NC	GC/GC	GC/GC	GC/GC	GC/TC	GC/GC	GC/GC	NC/NC	GC/GC	-	GC/GC	GC/GC	-	GC/GC	GC/GC	GC/GC	GC/GC	GC/GT	GC/GC	GC/GC	GC/GC	GC/GC	GC/GC
11074	87	TG/TG	TG/TG	TG/TG	-	TG/TG	TG/TG	TG/TG	TG/TG	TG/TG	TG/TG	TG/TG	TG/TG	TG/TG	AG/TG	TG/TG	TG/TG	TG/TG	TG/TG	TG/TG	TG/TG	TG/TG	TG/TG	TG/TG	TG/TG	TG/TG	TG/TG	TG/TG	TG/TG	TG/TG	TG/TG	TG/TG	TG/TG	TG/TG	TG/TG	TG/TG	TG/TG	TG/TG	TG/TG	TG/TG	TG/TG	TG/TG	-	TG/TG	-	TG/TG	TG/TG	TG/TG	TG/TG	TG/TG	TG/TG	TG/TG	TG/TG	TG/TG	TG/TG	TG/TG	TG/TG	-	TG/TG	TG/TG	TG/TT	TG/TG	TG/TG	TG/TG	TG/TG	-	TG/TG	TG/TG	TG/TG	TG/TG	TG/TG	TG/TG	TG/TG	TG/TG	TG/TG	TG/TG	TG/TG	TG/TG	TG/TG	TG/TG	-	TG/TG	TG/TG	TG/TG	TG/TG	TG/TG	TG/TG	TG/TG	TG/TG	TG/TG	TG/TG	TG/TG	TG/TG	TG/TG
11315	86	GGGG/GGGG	GGGG/GGGG	GGGG/GGGG	GGGG/GGGG	GGGG/GGGG	GGGG/GGGG	GGGG/GGGG	GGGG/GGGG	GGGG/GGGG	GGGG/GGGG	-	-	GGAG/GGGG	GGGG/GGGG	GGGG/GGGG	GGGG/GGGG	GGGG/GGGG	GGGG/GGGG	GGGG/GGGG	GGGG/GGGG	GGGG/GGGG	GGGG/GGGG	GGGG/GGGG	GGGG/GGGG	GGGG/GGGG	-	GGGG/GGGG	GGGG/GGGG	AGGG/GGGG	GGGG/GGGG	GGGG/GGGG	GGGG/GGGG	GGGG/GGGG	GGGG/GGGG	GGGG/GGGG	GGGG/GGGG	GGGG/GGGG	GGGG/GGGG	GGGG/GGGG	GGGG/GGGG	GGGG/GGGG	-	GGGG/GGGG	GGGG/GGGG	GGGG/GGGG	GGGG/GGGG	GGGG/GGGG	GGGG/GTGG	GGGG/GGGG	GGGG/GGGG	-	GGGG/GGGG	-	GGGG/GGGG	GGGG/GGGG	GGGG/GGGG	GGGG/GGGG	GGGG/GGGG	GGGG/GGGG	GGAG/GGGG	GGGG/GGGG	GGGG/GGGG	GGGG/GGGG	GGGG/GGGG	GGGG/GGGG	GGGC/GGGG	GGGG/GGGG	GGGG/GGGG	GGGG/GGGG	GGGG/GGGG	GGGG/GGGG	GGGG/GGGG	AGGG/GGGG	GGGG/GGGG	GGGG/GGGG	GGGG/GGGG	GGGG/GGGG	GGGG/GGGG	GGGG/GGGG	-	GGGG/GGGG	GGGG/GGGG	GGGG/GGGG	GGGG/GGGG	GGGG/GGGG	GGGG/GGGG	GGGG/GGGG	GGGG/GGGG	GGGG/GGGG	GGGG/GGGG	GGGG/GGGG	GGAG/GGGG	GGGG/GGGG
11796	81	A/A	A/A	A/A	A/A	-	-	A/A	A/A	A/A	A/A	-	-	A/A	A/A	A/A	A/A	A/A	A/A	A/A	A/A	A/A	A/A	A/A	A/A	A/A	-	A/A	A/A	A/A	A/A	A/A	A/A	A/A	A/A	A/A	A/A	A/A	A/A	A/A	A/A	A/A	-	-	A/A	A/A	A/A	A/A	A/A	A/A	A/A	A/A	A/A	A/A	A/A	-	A/A	A/A	A/A	A/A	A/A	A/A	A/A	A/A	A/A	A/A	A/A	A/A	-	A/A	A/A	A/A	A/A	A/A	A/A	A/A	A/A	-	A/A	A/G	-	A/A	A/A	A/A	A/A	A/A	A/A	A/A	A/A	A/A	A/A	-	A/A	A/A
12220	86	AC/AC	AC/AC	AC/AC	AC/AC	AC/AC	AC/AC	AC/AC	AC/AC	AC/AC	-	-	AC/AC	AC/AC	AC/AC	AC/AC	AC/AC	-	AC/AC	AC/AC	AC/AC	AC/AC	AC/AC	AC/AC	AC/AC	AC/AC	AC/AC	AC/AC	AC/AC	AC/AC	AC/AC	AC/AC	AC/AC	AC/AC	AC/AC	AC/AC	AC/AC	AC/AC	AC/AC	AC/AC	AC/AC	AC/AC	-	AC/AC	AC/AT	AC/AC	AC/AC	AC/AC	AC/AC	AC/AC	AC/AC	AC/AC	AC/AC	AC/AC	AC/AC	AC/AC	AC/AC	AC/AC	AC/AC	AC/AC	AC/AC	AC/AC	AC/AC	AC/AC	AC/AC	-	AC/AC	AC/AC	AC/AC	AC/AC	AC/AC	AC/AC	AC/AC	AC/AC	AC/AC	AC/AC	AC/AC	AC/AC	AC/AC	AC/AC	-	AC/AC	-	AN/AN	AC/AC	AC/GC	AC/AC	AC/AC	AC/AC	AC/AC	AC/AC	AC/AC	AC/AC	AC/AC
12728	90	C/C	C/C	C/G	C/C	C/C	C/C	C/C	C/C	C/C	C/C	-	C/C	C/C	C/C	C/C	C/C	C/C	C/C	C/C	C/C	C/C	C/C	C/C	C/C	C/C	C/C	C/C	C/C	C/C	C/C	C/C	C/C	C/C	C/C	C/C	C/C	C/C	C/C	C/C	C/C	C/C	C/C	C/C	C/C	C/C	C/C	C/C	C/C	C/C	C/C	-	C/C	C/C	C/C	C/C	C/C	C/C	C/C	C/C	C/C	C/C	C/C	C/C	C/C	C/C	C/C	C/C	C/C	C/C	C/C	C/C	C/C	C/C	C/C	C/C	C/C	C/C	C/C	C/C	-	C/C	C/C	C/C	C/C	C/C	C/C	C/C	C/C	C/C	C/C	C/C	C/C	C/C
13246	88	GA/GA	GA/GA	GA/GA	GA/GA	GA/GA	GA/GA	-	GA/GA	GA/GA	GA/GA	GA/GA	-	GA/GA	GA/GA	GA/GA	GA/GA	GA/GA	GA/GA	GA/GA	GA/GA	GA/GA	GA/GA	GA/GA	GA/GA	GA/GA	GA/GA	GA/GA	GA/GA	GA/GA	GA/GA	GA/GA	GA/GA	GA/GA	GA/GA	GA/GA	GA/GA	GA/GA	GA/GA	GA/GA	GA/GA	GA/GA	-	GA/GA	GA/GA	GA/GA	GA/GA	GA/GA	-	GA/GA	GA/GA	GA/GA	GA/GA	GA/GA	GA/GA	CA/GA	GA/GA	GA/GA	GA/GA	GA/GA	GA/GA	GA/GA	GA/GA	GA/GA	GA/GA	GA/GC	GA/GA	GA/GA	GA/GA	GA/GA	GA/GA	GA/GA	GA/GA	GA/GA	GA/GA	GA/GC	CA/GA	GA/GA	GA/GA	GA/GA	-	GA/GC	GA/GA	GA/GA	GA/GA	GA/GA	GA/GA	GA/GA	GA/GA	GA/GA	GA/GA	GA/GA	GA/GA	GA/GA
13955	87	GTTT/GTTT	GTTT/GTTT	GTTT/GTTT	GTTT/GTTT	GTTT/GTTT	GTTT/GTTT	-	GTTT/GTTT	GTTT/GTTT	GTTT/GTTT	GTTT/GTTT	GTTT/GTTT	-	GTTT/GTTT	GTTT/GTTT	GTTT/GTTT	-	GTTT/GTTT	GTTT/GTTT	GTTT/GTTT	GTTT/GTTT	GTTT/GTTT	GTTT/GTTT	GTTT/GTTT	GTTT/GTTT	GTGT/GTTT	GTTT/GTTT	GTTT/GTTT	GTTT/GTTT	GTTT/GTTT	GTTT/GTTT	GTTT/GTTT	GTTT/GTTT	GTTT/GTTT	GTTT/GTTT	GTTT/GTTT	GTTT/GTTT	GTTT/GTTT	GTTT/GTTT	GTTT/GTTT	GTTT/GTTT	-	GTTT/GTTT	GTTT/GTTT	GTTT/GTTT	GTTT/GTTT	GTTT/GTTT	GTTT/GTTT	GTTT/GTTT	GNNN/GNNN	GTTT/GTTT	GTTT/GTTT	GTTT/GTTT	GTTT/GTTT	GNNN/GNNN	ATTT/GTTT	GTTT/GTTT	GTTT/GTTT	GTTT/GTTT	GTTT/GTTT	GTTT/GTTT	GTTT/GTTT	GTTT/GTTT	GTTT/GTTT	GTTT/GTTT	GTTT/GTTT	GTTT/GTTT	GTTT/GTTT	GTTT/GTTT	GTTT/GTTT	GTTT/GTTT	GTTT/GTTT	GGTA/GTTT	GNNN/GNNN	GTTT/GTTT	ATTT/GTTT	GNNN/GNNN	GTTT/GTTT	GTTT/GTTT	-	GNNN/GNNN	GTTT/GTTT	GTTT/GTTT	GTTT/GTTT	GTTT/GTTT	GTTT/GTTT	GTTT/GTTT	-	GTTT/GTTT	GTTT/GTTT	GTTT/GTTT	GTTT/GTTT	GTTT/GTTT
14063	89	/	/	/	/	/	/	/	/	/	/	/	/	/	/	/	/	/	/	/	/	/	/	-	/	/	/	/	/	/	/	/	/	/	/	/	/	-	/	/	/	/	/	/	/	/	/	/	/	/	/	/	/	/	/	/	/	/	/	/	/	/	-	/	/	/	/	/	/	/	/	-	/	/	/	/	/	/	/	/	/	/	/	/	/	/	/	/	/	/	/	/	/	/
14455	85	CT/CT	CT/CT	CT/CT	CT/CT	CT/CT	CT/CT	CT/CT	CT/CT	CT/CT	CT/CT	-	CT/CT	CT/CT	CT/CT	CT/CT	CT/CT	CT/CT	CT/CT	CT/CT	CT/CT	CT/CT	CT/CT	CT/CT	CT/CT	CT/CT	-	CT/CT	CT/CT	CT/CT	-	CT/CT	CT/CT	CT/CT	CT/CT	CC/CT	CT/CT	CT/CT	CT/CT	CT/CT	CT/CT	CT/CT	-	AT/CT	CT/CT	CT/CT	CT/CT	CT/CT	-	CT/CT	CT/CT	CT/CT	CT/CT	CT/CT	CT/CT	CT/CT	-	CT/CT	-	CT/CT	CT/CT	CT/CT	CT/CT	CT/CT	CT/CT	CT/CT	CT/CT	CT/CT	CT/CT	CT/CT	CT/CT	CT/CT	CT/CT	CT/CT	CT/CT	CT/CT	CT/CT	CT/CT	CT/CT	CT/CT	-	CT/CT	CT/CT	CT/CT	CT/CT	CT/CT	CT/CT	CT/CT	CT/CT	CT/CT	CT/CT	CT/CT	CT/CT	CT/CT
14518	86	-	GC/GC	GC/GC	GC/GC	GC/GC	GC/GC	GC/GC	GC/GC	-	GC/GC	GC/GC	GC/GC	GC/GC	AA/GC	GC/GC	GC/GC	GC/GC	GC/GC	GC/GC	GC/GC	GC/GC	GC/GC	GC/GC	GC/GC	GC/GC	-	GC/GC	GC/GC	GC/GC	GC/GC	GC/GC	GC/GC	GC/GC	GC/GC	GC/GC	GC/GC	GC/GC	GC/GC	GC/GC	GC/GC	GC/GC	-	GC/GC	GC/GC	GC/GC	GC/GC	GC/GC	GC/GC	GC/GC	GC/GC	-	GC/GC	GC/GC	GC/GC	GC/GC	GC/GC	GC/GC	GC/GC	GC/GC	GC/GC	GC/GC	GC/GC	GC/GC	GC/GC	GC/GC	GC/GC	GC/GC	GC/GC	GC/GC	GC/GC	-	GC/GC	-	GC/GC	GC/GC	GC/GC	GC/GC	GC/GC	GC/GC	GC/GC	GC/GC	GC/GC	GC/GC	GC/GC	GC/GC	GC/GC	GC/GC	GC/GC	GC/GC	GC/GC	GC/GC	GC/GC	GC/GC
14522	87	TA/TA	TA/TA	TA/TA	TA/TA	TA/TA	TA/TA	TA/TA	TA/TA	TA/TA	TA/TA	-	TA/TA	TA/TA	TA/TA	TA/TA	TA/TA	TA/TA	TA/TA	TA/TA	TA/TA	TA/TA	TA/TA	TA/TA	TA/TA	TA/TA	-	TA/TA	TA/TA	TA/TA	TA/TA	TA/TA	TA/TA	TA/TA	TA/TA	TA/TA	TA/TA	TA/TA	TA/TA	TA/TA	TA/TA	TA/TA	-	TA/TA	TA/TA	CA/TA	TA/TA	TA/TA	-	TA/TA	TA/TA	TA/TA	TA/TA	-	TA/TA	TA/TA	TA/TA	TA/TA	TA/TA	NA/NA	TA/TA	TA/TA	TA/TA	TA/TA	TA/TA	TA/TG	TA/TA	TA/TA	TA/TA	TA/TA	TA/TA	TA/TA	TA/TA	TA/TA	TA/TA	TA/TA	TA/TA	TA/TA	TA/TA	TA/TA	-	TA/TA	TA/TA	TA/TA	TA/TA	TA/TA	TA/TA	TA/TA	TA/TA	TA/TA	TA/TA	TA/TA	TA/TA	TA/TA
14706	86	CCCT/CCCT	CCCT/CCCT	CCCT/CCCT	CCCT/CCCT	CCCT/CCCT	CCCT/CCCT	CCCT/CCCT	CCCT/CCCT	-	CCCT/CCCT	CCCT/CCCT	CCCT/CCCT	CCCT/CCCT	CCCT/CCCT	CCCT/CCCT	CCCT/CCCT	CCCT/TCCT	CCCT/CCCT	-	CCCT/CCCT	CCCT/CCCT	CCCT/CCCT	CCCT/CCCT	CCCT/CCCT	CCCT/CCCT	-	CCCT/CCCT	CCCT/CCCT	CCCT/CCCT	CCCT/CCCT	CCCT/CCCT	CCCT/CCCT	CCCT/CCCT	CCCT/CCCT	CCCT/CCCT	CCCT/CCCT	CCCT/TCCT	CCCT/CCCT	CCCT/CCCT	CCCT/CCCT	CCCT/CCCT	-	CCCT/CCCT	CCCT/CCCT	CCCT/CCCT	CCCT/CCCT	CCCT/CCCT	-	CCCT/CCCT	CCCT/CCCT	CCCT/CCTT	CCCT/CCCT	CCCT/CCCT	CCCT/CCCT	CCCT/CCCT	CCCC/CCCT	CCCT/CCCT	CCCT/CCCT	CCCT/CCCT	CCCT/CCCT	CCCT/CCCT	-	CCCT/CCCT	CCCT/CCCT	CCCT/CCCT	CCCT/CCCT	CCCT/CCCT	CCCT/CCCT	CCCT/CCCT	CCCT/CCCT	-	CCCT/CCCT	CCCT/CCCT	CCCT/CCCT	CCCT/CCCT	CCCT/CCCT	CCCT/CCCT	CCCT/CCCT	CCCT/CCCT	CCCT/CGCT	CCCT/CCCT	CCCT/CCCT	CCCT/CCCT	CCCT/CCCT	CCCT/CCCT	CCCT/CCCT	CCCT/CCCT	CCCT/CCCT	CCCT/CCCT	CCCT/CCCT	CCCT/CCCT	CCCT/CCCT	CCCT/CCCT
14759	89	/	/	/	/	/	/	/	/	/	/	-	/	/	/	/	/	/	/	/	/	/	/	/	/	/	-	/	/	/	/	/	/	/	/	/	/	/	/	/	/	/	-	/	/	/	/	/	-	/	/	/	/	/	/	/	/	/	/	/	/	/	/	/	/	/	/	/	/	/	/	/	/	/	/	/	/	/	/	/	/	/	/	/	/	/	/	/	/	/	/	/	/	/
14943	87	AG/TG	TG/TG	TG/TG	TG/TG	TG/TG	TG/TG	TG/TG	TG/TG	TG/TG	TG/TG	-	TG/TG	TG/TG	TG/TG	TG/TG	TG/TG	TG/TG	TG/TG	TG/TG	TG/TG	TG/TG	TG/TG	TG/TG	TG/TG	TG/TG	TG/TG	TG/TG	TA/TG	TG/TG	TG/TG	TG/TG	TG/TG	TG/TG	TG/TG	TG/TG	TG/TG	TG/TG	TG/TG	TG/TG	TG/TG	TG/TG	-	TG/TG	TG/TG	TG/TG	TG/TG	TG/TG	TG/TG	TG/TG	TG/TG	-	TG/TG	TG/TG	-	TG/TG	TG/TG	TG/TG	TG/TG	TG/TG	TG/TG	TG/TG	TG/TG	TG/TG	TG/TG	TG/TG	TG/TG	TG/TG	TG/TG	TG/TG	TG/TG	TG/TG	TG/TG	TG/TG	TG/TG	TG/TG	TG/TG	TG/TG	TG/TG	TG/TG	-	TG/TG	TG/TG	-	TG/TG	TG/TG	TG/TG	TG/TG	TG/TG	TG/TG	TG/TG	TG/TG	TG/TG	TG/TG
15879	84	CTATCCTGACA/CTATCCTGACA	CTATCCTGACA/CTATCCTGACA	CTATCCTGACA/CTATCCTGACT	CTATCCTGACA/CTATCCTGACA	CTATCCTGACA/CTATCCTGACA	CTATCCTGACA/CTATCCTGACA	CTATCCTGACA/CTATCCTGACA	CTATCCTGACA/CTATCCTGACA	CTATCCTGACA/CTATCCTGACA	CTATNCTGACA/CTATNCTGACA	-	CTATCCTGACA/CTATCCTGACA	CTATCCTGACA/CTATCCTGACA	CTATCCTGACA/CTATCCTGACA	CTATCCTGACA/CTATCCTGACA	CTATCCTGACA/CTATCCTGACA	CTATCCTGACA/CTATCCTGACA	CTATCCTGACA/CTATCCTGACA	CTANNCTGACA/CTANNCTGACA	CTATCCTGACA/CTATCCTGACA	NTATCCTGANA/NTATCCTGANA	CTATCCTGACA/CTATCCTGACA	CTATCCTGACA/CTATCCTGACA	CTATCCTGACA/CTATCCTGACA	CTATCCTGACA/CTATCCTGACA	-	CTATCCTGACA/CTATCCTGACA	CTATCCTGACA/CTATCCTGACA	CTATCCTGACA/CTATCCTGACA	CTATCCTGACA/CTATCCTGACA	CTATCCTGACA/CTATCCTGACA	CTATCCTGACA/CTATCCTGACA	CTATCCTGACA/CTATCCTGACA	CTATCCTGACA/CTATCCTGACA	CTATCCTGACA/CTATCCTGACA	CTATCCTGACA/CTATCCTGACA	CTATCCTGACA/CTATCCTGACA	CTATCCTGACA/CTATCCTGACA	CTATCCTGACA/CTATCCTGACA	CTATCCTGACA/CTATCCTGACA	CTATCCTGACA/CTATCCTGACA	-	CTATCCTGACA/CTATCCTGACA	CTATCCTGACA/CTATCCTGACA	CTATCCTGACA/CTATCCTGACA	CTATCCTGACA/CTATCCTGACA	CTATCCTGACA/CTATCCTGACA	-	CTATCCTGACA/CTATCCTGACA	CTATCCTGACA/CTTTCCTGACA	CTATCCTGACA/CTATCCTGACA	CTATCCTGACA/CTATCCTGACA	-	CTATCCTGACA/CTATCCTGACA	CTATCCTGACA/CTATCCTGACA	CTATCCTGACA/CTATCCTGACA	-	CTATCCTGACA/CTATCCTGACA	CTATCCTGACA/CTATCCTGACT	CTATCCTGACA/CTATCCTGACA	CTATCCTGACA/CTATCCTGACA	CTATCCTGACA/CTATGCTGACA	CTATCCTGACA/CTATCCTGACA	CTATCCTGACA/CTATCCTGACA	CTATCCTGACA/CTATCCTGACA	CTATCCTGACA/CTATCCTGACA	CTATCCTGACA/CTATCCTGACA	CTATCCTGACA/CTATCCTGACA	-	CTATCCTGACA/CTATCCTGACA	CTATCCTGACA/CTATCCTGACA	CTATCCTGACA/CTATCCTGACA	ATATCCTAGAA/CTATCCTGACA	CTATCCTGACA/CTATCCTGACA	CTATCCTGACA/CTATCCTGACA	CTATCCTGACA/CTATCCTGACA	CTATCCTGACA/CTATCCTGACA	CGATCCTGACA/CTATCCTGACA	CTATCCTGACA/CTATCCTGACA	-	CTATCCTGACA/CTATCCTGACA	-	CTATCCTGACA/CTATCCTGACA	CTATCCTGACA/CTATCCTGACA	CTATCCTGACA/CTATCTTGACA	CTATCCTGACA/CTATCCTGACA	CTATCCTGACA/CTATCCTGACA	CTAGCTCAACA/CTATCCTGACA	CTATCCTGACA/CTATCCTGACA	CTATCCTGACA/CTATCCTGACA	CTATCCTGACA/CTATCCTGACA	CTATCCTGACA/CTATCCTGACA	CTATCCTGACA/CTATCCTGACA
16369	83	C/C	C/C	C/C	C/C	-	C/C	C/C	C/C	C/C	C/C	-	C/C	-	C/C	C/C	C/C	C/C	C/C	C/C	C/C	C/C	C/C	C/C	C/C	C/C	-	C/C	C/C	C/C	C/C	C/C	C/C	C/C	C/C	C/C	C/C	C/C	C/C	C/C	C/C	C/C	C/C	C/C	C/C	C/C	C/C	C/C	C/C	C/C	-	-	C/C	C/C	C/C	C/C	C/C	-	-	C/C	C/C	C/C	C/C	C/C	C/C	C/C	C/C	C/C	C/C	C/C	C/C	C/C	C/C	C/G	C/C	C/C	C/C	C/C	C/C	C/C	-	C/C	C/C	C/C	C/C	C/C	C/C	C/C	-	C/C	C/C	C/C	C/C	C/C
17180	87	TTC/TTC	TTC/TTC	TTC/TTC	TTC/TTC	TTC/TTC	TTC/TTC	TTC/TTC	TTC/TTC	TTC/TTC	TTC/TTC	-	-	TTC/TTC	TTC/TTC	TTC/TTC	TTC/TTC	TTC/TTC	TTC/TTC	TTC/TTC	TTC/TTC	TTC/TTC	TTC/TTC	TTC/TTC	TTC/TTC	TTC/TTC	TTC/TTC	TTC/TTC	TTC/TTC	TTC/TTC	TTC/TTC	TTC/TTC	TTC/TTT	TTC/TTC	TTC/TTC	TTC/TTC	TTC/TTC	TTC/TTC	TTC/TTC	TTC/TTC	TTC/TTC	TTC/TTC	-	TTC/TTC	TTC/TTC	TTC/TTC	TTC/TTC	TTC/TTC	TTC/TTC	-	TAC/TTC	TTC/TTC	GTC/TTC	TTC/TTC	TTC/TTC	TTC/TTC	TTC/TTC	TTC/TTC	TTC/TTC	TTC/TTC	TTC/TTC	TTC/TTC	TTC/TTC	TTC/TTC	TTC/TTC	TTC/TTC	TTC/TTC	TTC/TTC	-	TTC/TTC	TTC/TTC	TTC/TTC	TTC/TTC	TTC/TTC	TTC/TTC	TTC/TTC	TTC/TTC	TTC/TTC	TTC/TTC	TTC/TTC	-	TTC/TTC	TTC/TTC	TTC/TTC	TTC/TTC	TTC/TTC	TTC/TTC	TTC/TTC	TTC/TTC	TTC/TTC	TTC/TTC	TTC/TTC	TTC/TTC	TTC/TTC
18283	87	CA/CA	CA/CA	CA/CA	-	CA/CA	CA/CA	CA/CA	CA/CA	CA/CA	CA/CA	-	CA/CA	CA/CA	CA/CA	CA/CA	CA/CA	CA/CA	CA/CA	CA/CA	CA/CG	CA/CG	CA/CA	CA/CA	CA/CA	CA/CA	-	CA/CA	CA/CA	CA/CA	CA/CA	CA/CA	CA/CA	CA/CA	CA/CA	CA/CA	CA/CA	CA/CA	CA/CA	CA/CA	CA/CA	CA/CA	-	CA/CA	CA/CA	CA/CA	CA/CA	CA/CA	CA/CG	CA/CA	CA/CA	-	CA/CA	CA/CA	CA/CA	CA/CA	CA/CA	CA/CA	CA/CA	CA/CA	CA/CA	CA/CA	CA/CA	CA/CA	CA/CA	CA/CA	CA/CA	CA/CA	CA/CA	CA/CG	CA/CG	CA/CG	CA/CG	CA/CA	CA/CA	CA/CA	CA/CA	CA/CG	CA/CG	AA/CA	-	CA/CG	CA/CA	CA/CA	CA/CA	CA/CA	CA/CA	CN/CN	CA/CA	CA/CA	CA/CA	CA/CA	CA/CA	CA/CA
18719	84	CCCGG/CCCGG	CCCGG/CCCGG	CCCGG/CCCGG	CCCGG/CCCGG	CCCGN/CCCGN	CCCGG/CCCGG	CCCGG/CCCGG	CCCGG/CCCGG	CCCGG/CCCGG	-	-	CCCGG/CCCGG	CCCGG/CCCGG	CCCGG/CCCGG	CCCGG/CCCGG	CCCGG/CCCGG	CCCGG/CCCTG	CCCGG/CCCGG	CCCGG/CCCGG	CCCGA/TCCGA	CCCGA/CCCGG	CCTGG/CCCGG	CCCGG/CCCGG	CCCGG/CCCGG	CCCGG/CCCGG	-	CCCGG/CCCGG	CCCGG/CCCGG	CCCGG/CCCGG	CCCGG/CCCGG	CCCGG/CCCGG	CCCGG/CCCGG	CCCGG/CCTGG	CCCGG/CCCGG	CCCGG/CCCGG	CCCGG/CCCGG	CCCGG/CCCGG	CCCGG/CCCGG	CCCGG/CCCGG	CCCGG/CCCGG	CCCGG/CCCGG	-	CCCGG/CCCGG	CCCGG/CCCGG	CCCGG/CCCGG	CCCGG/CCCGG	CCCGG/CCCGG	-	CCCGG/CCCGG	CCCGG/CCCGG	CCCGG/CCCGG	CCCGG/CCCGG	-	CCCGG/CCCGG	CACGG/CCCGG	CCCGG/CCCGG	CCCGG/CCCGG	CCCGA/CCCGG	CCCGG/CCCGG	CCCGA/CCCGG	CCCGG/CCCGG	CCCGG/CCCGG	CCCGA/CCCGG	CCCGG/CCCGG	CCCGG/CCCGG	CCCGG/CCCGG	CCCGG/CCCGG	CCCGG/CCCGG	CCCGG/CCCGG	CCCGA/CCCGG	CCCGG/CCCGG	CCCGG/CCCGG	CCCGG/CCCGG	CCCGG/CCCGG	CCCGG/CCCGG	CCCGG/CCCGG	CCCGA/CCCGA	CCCGA/CCCGG	-	-	CCCGG/CCCGG	CCCGG/CCCGG	CCCGG/CCCGG	CCCGG/CCCGG	CCCGG/CCCGG	-	CCCGG/CCCGG	CCCGG/CCCGG	CCCGG/CCCGG	CCCGG/CCCGG	CCCGG/CCCGG	CCCGG/CCCGG	CCCGG/CCCGG
19311	87	G/G	G/G	G/G	G/G	G/G	G/G	G/G	G/G	G/G	G/G	G/G	-	N/N	G/G	G/G	G/G	G/G	G/G	G/G	G/G	G/G	G/G	G/G	G/G	G/G	G/G	-	G/G	G/G	G/G	G/G	-	G/G	G/G	G/G	G/T	G/G	G/G	G/G	G/G	G/G	-	G/G	G/G	G/G	G/G	G/G	G/G	G/G	G/G	G/G	G/G	G/G	G/G	G/G	G/G	G/G	G/G	G/G	G/G	G/G	-	G/G	G/G	G/G	G/G	G/G	G/G	G/G	G/G	G/G	G/G	G/G	G/G	G/G	G/G	G/G	G/G	G/G	-	G/G	G/G	G/G	G/G	G/G	G/G	G/G	G/G	G/G	G/G	G/G	G/G	G/G
19853	81	G/G	G/G	G/G	G/G	G/G	G/G	G/G	G/G	G/G	G/G	-	-	G/G	G/G	G/G	G/G	G/G	G/G	G/G	G/G	G/G	G/G	G/G	G/G	G/G	G/G	G/G	G/G	G/G	G/T	G/G	G/G	G/G	G/G	G/T	G/G	G/G	-	G/G	G/G	G/G	-	G/G	G/G	G/G	G/G	G/G	G/G	G/G	G/G	-	G/G	G/G	G/T	G/G	-	G/G	-	G/G	G/G	G/G	G/G	G/G	G/G	-	N/N	G/G	G/G	G/G	G/G	G/G	G/G	G/G	-	-	G/G	G/G	G/G	G/G	-	G/G	G/G	G/G	G/G	G/G	G/G	G/G	-	G/G	G/G	G/G	G/G	G/G
19963	86	/	/	/	/	/	/	/	/	-	/	/	-	/	/	/	/	/	/	/	/	/	/	/	/	/	-	/	/	/	/	/	/	/	/	/	/	/	/	/	/	/	-	/	/	/	/	/	/	/	/	/	/	/	/	-	/	/	/	/	/	/	/	/	/	/	/	/	/	/	/	/	/	/	/	/	/	/	/	/	-	/	/	/	/	/	/	/	-	/	/	/	/	/
21436	88	GGCAA/GGCAA	GGCNA/GGTNA	GGCAA/GGCAA	GGCAA/GGCAG	GGCAA/GGCAA	GGCAA/GGCAA	GGCAA/GGCAA	GGNNA/GGNNA	GGCAA/GGCAA	GGCAA/GGCAA	GGCAA/GGCAA	GGCAA/GGCAA	-	GGCAA/GGCAA	GGCAA/GGCAA	NGCAA/NGCAA	GGCAA/GGCAA	GGCAA/GGCAA	GGCAA/GGCAA	GGCAA/GGCAA	GGCAA/TGCAA	GGCAA/GGCAA	GGCAA/GGCAA	GGCAA/GGCAA	GGCAA/GGCAA	-	GGCAA/GGCAA	GGCAA/GGCAA	GGCAA/GGCAA	GGCAA/GGCAA	GGCAA/GGCAA	GGCAA/GGCAA	GGCAA/GGCAA	GGCAA/GGCAA	GACAA/GGCAA	GGCAA/GGCAA	GGCAA/GGCAA	GGCAA/GGCAA	GGCAA/GGCAA	GGCAA/GGCAA	GGCAA/GGTTA	GGCAA/GGCAA	GGCAA/GGCAA	GGCAA/GGCAA	GGCAA/TGCAA	GGCAA/GGCAA	GGCAA/TGCAA	-	GGCAA/GGCAA	-	GGCAA/GGCAA	GGCAA/GGCAA	GGCAA/GGCAA	GGCAA/GGCAA	GGCAA/GGCAA	GGCAA/GGCAA	GGCAA/GGCAA	GGCAA/GGCAA	GGCAA/GGCAA	GACAA/GGCAA	NGCAA/NGCAA	GGCAA/TGCAA	GGCAA/GGCAA	GGCAA/GGCAA	GGCAA/GGCAA	GGCAA/GGCAA	GGCAA/GGCAA	NGCAA/NGCAA	GGCAA/GGCAA	GGCAA/GGCAA	GGCAA/GGCAA	GGCAA/GGCAA	GGCAA/GGCAA	GGCAA/GGCAA	GGCAA/GGCAA	GGCAA/GGCAA	GGCAA/GGCAA	GGCAA/GGCAA	GGCAA/GGCAA	-	GGCAA/GGCAA	GGCAA/GGCAA	GGCAA/GGCAA	GGCAA/GGCAA	GGCAA/GGCAA	GGCAA/GGCAA	GGCAA/GGCAA	GGCAA/GGCAA	GGCAA/TGCAA	GGCAA/GGCAA	GGCAA/GGCAA	GGCAA/TGCAA	GGCAA/GGCAA
21548	88	G/G	G/G	G/G	G/G	G/G	G/G	G/G	G/G	G/G	G/G	G/G	G/G	G/G	G/G	G/G	G/G	G/G	G/G	G/G	G/G	G/G	G/G	G/G	G/G	G/G	-	G/G	G/G	G/G	G/G	G/G	G/G	G/G	G/G	G/G	G/G	G/G	G/G	G/G	G/G	G/G	-	G/G	G/G	G/G	G/G	G/G	-	G/G	G/G	G/G	G/G	G/G	G/G	G/G	G/G	G/G	G/G	G/G	G/G	G/G	G/G	G/G	G/G	G/G	G/G	G/G	G/G	G/G	G/G	-	G/G	G/G	G/G	G/G	G/G	G/G	G/G	G/G	-	G/G	G/G	G/G	G/G	G/G	G/T	G/G	G/G	G/G	G/G	G/G	G/G	G/G
23288	84	CACG/CACG	CACG/CACG	CACG/CACG	CACG/TACG	CACG/CACG	CACG/CACG	CACG/CACG	CACG/CACG	CACG/CACG	CACG/CACG	CACG/CACG	CACG/CACG	CACG/CACG	CACG/CACG	CACG/CACG	CACG/CACG	CACG/CGCG	CACG/CACG	-	CACG/CACG	CACG/CACG	CACG/TACG	CACG/CACG	-	-	CACG/CACG	CACG/CACG	CACG/CACG	CACG/CACG	CACG/CACG	CACG/CACG	CACG/CACG	CACG/CACG	CACG/CACG	CACG/CACG	CACG/CACG	-	CACG/CACG	CACG/CACG	CACG/CACG	CAAG/CACG	-	CACG/CACG	CACG/CACG	CACG/CACG	CACG/CACG	CACG/CACG	-	CACG/CACG	CACA/CACG	CACG/CACG	CACG/CACG	CACG/CACG	CACG/CACG	CACG/CACG	CACG/CACG	CACG/CACG	CACG/CACG	CACG/CACG	CACG/CACG	CACG/CACG	CACG/CACG	CACG/CACG	CACG/CACG	CACG/CACG	CACG/CACG	CACG/CACG	CACG/CACG	CACG/CACG	CACG/CACG	-	CACG/CACG	CACG/CACG	CACG/CACG	CACG/CACG	CACG/CACG	CACG/CACG	CACG/CACG	-	-	CACG/CACG	CACG/CACG	CACN/CACN	CACG/CACG	CACG/CACG	CACG/CACG	CACG/CACG	CACG/CACG	CACG/CACG	CACG/CACG	CACG/CACG	CACG/CACG	CACG/CACG
24817	86	ACGC/ACGC	ACGC/ACGC	ACGC/ACGC	ACAC/ACGC	ACGC/ACGC	ACGC/ACGC	ANGC/ANGC	ACGC/ACGC	ACGC/ACGC	ACGC/ACGC	ACGC/ACGC	ACGC/ACGC	ACGC/ACGC	ACGC/ACGC	ACGC/ACGC	ACGC/ATGC	ACGC/ATGC	ACGC/ATGC	-	ACGC/ACGC	ACGC/ACGC	-	ACGC/ACGC	ACGC/ACGC	ACGC/ACGC	-	ACGC/ACGC	ACGC/ACGC	ACGC/ACGC	ACGC/ACGC	ACGC/ACGC	ACGC/ACGC	ACGA/ACGC	ACGC/ACGC	ACGC/ACGC	ANGC/ANGC	ACGC/ACGC	ACGC/ACGC	ACGC/ACGC	ACGC/ACGC	ACGC/ACGC	-	ACGC/ACGC	ACGC/ACGC	ACGC/ACGC	ACGC/ATGC	ACGC/ACGC	ACGC/ACGC	ACGC/ACGC	ACGC/ACGC	ACGC/ACGC	ACGC/ACGC	ACGC/ACGC	ACGC/ATGC	ACGC/ATGC	ACGC/ATGC	ACGC/ATGC	ACGC/ACGC	ACGC/ACGC	ACGC/ACGC	ACGC/ACGC	ACGC/ACGC	ACGC/ACGC	ACGC/ACGC	ACGC/ACGC	ACGC/ATGC	ACGC/ACGC	ACGC/ACGC	ACGC/ACGC	ACGC/ACGC	-	ACGC/ACGC	ACGC/ACGC	ACGC/ACGC	ACGC/ATGC	ACGC/ATGC	-	ACGC/ACGC	ACGC/ACGC	-	ACGC/ACGC	ACGC/ACGC	ACGC/ACGC	ACGC/GCGC	ACGC/ACGC	ACGC/ACGC	ANGC/ANGC	ACGC/ACGC	ACGC/ATGC	ACGC/ACGC	ANGC/ANGC	ACGC/ACGC	ACGC/ACGC
25264	88	TC/TC	TA/TC	TC/TC	-	TC/TC	TC/TC	TC/TC	TC/TC	TC/TC	TC/TC	TC/TC	TC/TC	TC/TC	TC/TC	TC/TC	TC/TC	TC/TC	TC/TC	TC/TC	TC/TC	TC/TC	TC/TC	TC/TC	TC/TC	TC/TC	TC/TC	TC/TC	TC/TC	TC/TC	TC/TC	TC/TC	TC/TC	TC/TC	TC/TC	TC/TC	TC/TC	TC/TC	TC/TC	TC/TC	TC/TC	TC/TC	-	-	TC/TC	CC/TC	TC/TC	TC/TC	TC/TC	TC/TC	TC/TC	TC/TC	TC/TC	TC/TC	TC/TC	TC/TC	TC/TC	TC/TC	TC/TC	TC/TC	TC/TC	TC/TC	TC/TC	TC/TC	TC/TC	TC/TC	TC/TC	TC/TC	TC/TC	-	TC/TC	TC/TC	TC/TC	TC/TC	TC/TC	TC/TC	TC/TC	TC/TC	TC/TC	TC/TC	-	TC/TC	TC/TC	TC/TC	TC/TC	TC/TC	TC/TC	TC/TC	TC/TC	TC/TC	TC/TC	TC/TC	TC/TC	TC/TC
25318	86	CCAG/CCAG	CCAG/CCAG	CCAG/CCAG	-	CCAG/CCAG	CCAG/CCAG	-	CCAG/CCAG	CCAG/CCAG	CCAG/CCGT	CCAG/CCAG	CCAG/CCAG	CCAG/CCAG	CCAG/CCAG	CCAG/CCAG	CCAG/CCAG	CCAG/CCAG	CCAG/CCAG	CCAG/CCAG	CCAG/CCAG	CCAG/CCAG	CCAG/CCAG	CCAG/CCAG	CCAG/TCAG	CCAG/CCAG	-	CCAG/CCAG	CCAG/CCAG	CCAG/CCAG	CCAG/CCAG	CCAG/CCAG	CCAG/CCAG	CCAG/CCAG	CCAG/CCAG	CCAG/CCAG	CCAG/CCAG	CCAG/CCAG	CCAG/CCAG	CCAG/CCAG	CCAG/CCAG	CCAG/CCAG	-	CCAG/CCAT	CCAG/CCAG	CCAG/CCAG	CCAG/CCAG	CCAG/CCAG	-	CCAG/CCAG	CCAG/CCAG	CCAG/CCAG	CCAG/CCAG	CCAG/CCAG	CCAG/CCGT	CCAG/CCAG	CCAG/CCAG	-	CCAG/CCAG	CCAG/CCAG	CCAG/CCAG	CCAG/CCAG	CCAG/CCAG	CCAG/CCAG	CCAG/CCAG	CCAG/CCAG	CCAG/CCAG	CCAG/CCAG	CCAG/CCAG	CCAG/CCAG	CCAG/CCAG	CCAG/CCAG	CCAG/CCAG	CCAG/CCAG	CCAG/CCAG	CCAG/CCAG	CCAG/CCAG	CCAG/CCAG	CCAG/CCAG	CCAG/CCAG	-	CCAG/CCAG	CCAG/CCAG	CCAG/CCAG	CCAG/CGAG	CCAG/CCAG	CCAG/CCAG	CCAG/CCAG	CCAG/CCAG	CCAG/CCAG	CCAG/CCAG	CCAG/CCAG	CCAG/CCAG	CCAG/CCAG
25398	86	CTATGGT/CTATGGT	CTATAGT/CTATGGT	CTATGGT/CTGTGGT	CTATGGT/CTATGGT	CTATGGT/CTATGGT	CTATGGT/CTATGGT	CAATGGT/CTATGGT	CTATGGT/CTATGGT	CTATGGT/CTATGGT	CTATGGT/CTATGGT	-	-	CTATGGT/CTATGGT	CTATGGT/CTATGGT	CTATGGT/CTATGGT	CTATGGT/CTATGGT	CAATGGT/CTATGGT	CTATGGT/CTATGGT	CTATGGT/CTATGGT	CTATGGT/CTATGGT	CTATGNT/CTATGNT	CTATGGT/CTATGTT	CTATGGT/CTATGGT	CTATGGT/CTATGGT	CTATGGT/CTATGGT	CTATNNN/CTATNNN	CTACGGT/CTATGGT	CTATGGT/CTATGGT	CTATGGT/CTATGGT	CTATGGT/CTATGGT	CTATGGT/CTATGGT	CTATGGT/CTATGGT	CTATGGT/CTATGGT	CTATGGT/CTATGGT	CTATGGT/CTATGGT	CTATGGT/CTATGGT	CTATGGT/CTATGGT	CTATGGT/CTATGGT	CTATGGT/CTATGGT	CTATGGT/CTATGGT	CTATAGT/CTATGGT	-	CTATGGT/CTATGGT	CTATGGA/CTATGGT	CTATGGT/CTATGGT	CAATGGT/CTATGGT	CTATGGT/CTATGGT	-	CTATGGT/CTATGGT	CTATGGT/CTATGGT	CTATGGT/CTATGGT	CTATGGT/CTATGGT	CTATGGT/CTATGGT	CAATGGT/CTATGGT	CTATGGT/CTATGGT	CAATGGT/CTATGGT	CAATGGT/CTATGGT	CTATGGT/CTATGGT	CTATGGT/CTATGGT	CTATGGT/CTATGGT	CTATGGT/CTATGGT	CTATGGT/CTATGGT	CTATGGT/CTATGGT	CTATAGT/CTATGGT	CTATGGT/CTATGGT	CNATGGT/CNATGGT	CTATGGT/CTATGGT	CTATGGT/CTATGGT	CTATGGT/CTATGGT	CNATGGT/CNATGGT	CTATGGT/CTATGGT	CTATGGT/CTATGGT	CTATGGT/CTATGGT	CTATGGT/CTATGGT	CTATGGT/CTATGGT	CTATGGT/CTATGGT	CTATGGT/CTATGGT	CTATGGT/CTATGGT	CTATGGT/CTATGGT	-	CTATGGT/CTATGGT	CTATGGT/CTATGGT	CTATGGT/CTATGGT	-	CTATGGT/TTATGGT	CTATGGT/CTATGGT	CTATGGT/CTATGGT	CTATGGT/CTATGGT	CTATGGT/CTATGGT	CTATGGT/CTATGGT	-	CTATGGT/CTATGGT	CTATGGT/CTATGGT
25605	89	CT/CT	CT/CT	CT/CT	CT/CT	CT/CT	CT/CT	-	CT/CT	CT/CT	CA/CT	-	CT/CT	CT/CT	CT/CT	CT/CT	CT/CT	CT/CT	CT/CT	CT/CT	CT/CT	CT/CT	CT/CT	CT/CT	CT/CT	CT/CT	CT/CT	CT/CT	CT/CT	CT/CT	CT/CT	CT/CT	CT/CT	CT/CT	CT/CT	CT/CT	CT/CT	CT/CT	CT/CT	CT/CT	CT/CT	CT/CT	-	CT/CT	CT/CT	CT/CT	CT/CT	CT/CT	CT/CT	CT/CT	CT/CT	CT/CT	CT/CT	CT/CT	CT/CT	CT/CT	CT/CT	CT/CT	CT/CT	CT/CT	CT/CT	CT/CT	-	CT/CT	CT/CT	CT/CT	CT/CT	CT/CT	CT/CT	CT/CT	CT/CT	CT/CT	CT/CT	CT/CT	CT/CT	CT/CT	CT/CT	CT/CT	CT/CT	CT/CT	CT/TT	CT/CT	CT/CT	CT/CT	CT/CT	CT/CT	CT/CT	CT/CT	CT/CT	CT/CT	CT/CT	CT/CT	CT/CT	CT/CT
25623	86	ATCG/ATCG	ATCG/ATCG	ATCG/ATCG	ATCG/ATCG	-	ATCG/ATCG	ATCG/ATCG	ATCG/ATCG	ATCG/ATCG	ATCG/ATCG	ATCG/ATCG	-	ATCG/ATCG	ATCG/ATCG	ATCG/ATCG	ATCG/ATCG	ATCG/ATCG	ATCG/ATCG	ATCG/ATCG	ATCG/ATCG	ATCG/ATCG	ATCG/ATCG	ATCG/ATCG	ATCG/ATCG	ATCG/ATGG	-	ATCG/ATCG	ATCG/ATCG	ATCG/ATCG	ATCG/ATCG	ATCG/ATCG	ATCG/ATCG	ATCG/ATCG	ATCG/ATCG	ATCG/ATCG	ATCG/ATCG	ATCG/ATCG	ATCG/ATCG	ATCG/ATCG	ATCG/ATCG	ATCG/ATCG	-	ATCG/ATCG	ATCG/ATCG	ATCG/ATCG	ATCG/ATCG	ATCG/ATCG	-	ATCG/ATCG	ATCG/ATCG	ATCG/ATCG	ATCG/GTCG	ATCG/ATCG	ATCG/ATCG	ATCG/ATCG	ATCA/ATCG	ATCG/ATCG	-	ATCG/ATCG	ATCA/ATCG	ATCA/ATCG	ATCG/ATCG	ATCG/ATCG	ATCG/ATCG	ATCG/ATCG	ATCG/ATCG	ATCG/ATCG	ATCA/ATCG	ATCG/ATCG	AACG/ATCG	ATCG/ATCG	ATCG/ATCG	ATCG/ATCG	ATCG/ATCG	ATCG/ATCG	ATCG/ATCG	ATCG/ATCG	ATCG/ATCG	ATCG/ATCG	-	ATCG/ATCG	ATCG/ATCG	ATCG/ATCG	ATCG/ATCG	AACG/ATCG	AACG/ATCG	ATCG/ATCG	AACG/ATCG	ATCG/ATCG	ATCG/ATCG	ATCG/ATCG	ATCA/ATCG	ATCA/ATCG
26422	85	TC/TC	TC/TC	TC/TC	TC/TC	TC/TC	TC/TC	-	TC/TC	TC/TC	-	TC/TC	TC/TC	TC/TC	TC/TC	TC/TC	TC/TC	TC/TC	TC/TC	TC/TC	TC/TC	TC/TC	TC/TC	TC/TC	-	TC/TC	-	TC/TC	TC/TC	TC/TC	TC/TC	TC/TC	TC/TC	TC/TC	TC/TC	TC/TC	TC/TC	TC/TC	TC/TC	TC/TC	TC/TC	TC/TC	-	TC/TC	TC/TC	TC/TC	TC/TC	TC/TC	TC/TC	TC/TC	TC/TC	TC/TT	TC/TC	TC/TC	TC/TC	-	TC/TC	TC/TC	TC/TC	TC/TC	TC/TC	TC/TC	TC/TC	TC/TC	-	TC/TC	TC/TC	TC/TC	TC/TC	TC/TC	TC/TC	-	TC/TC	TC/TC	TC/TC	TC/TC	TC/TC	TC/TC	TC/TC	TC/TC	TC/TC	TC/TC	TC/TC	AC/TC	TC/TC	TC/TC	TC/TC	TC/TC	TC/TC	TC/TC	TC/TC	TC/TC	TC/TC	TC/TC
26429	84	T/T	T/T	T/T	T/T	T/T	C/T	T/T	-	T/T	T/T	T/T	T/T	T/T	T/T	-	T/T	T/T	T/T	T/T	T/T	T/T	T/T	T/T	T/T	T/T	-	T/T	T/T	T/T	T/T	T/T	T/T	T/T	T/T	T/T	T/T	T/T	T/T	T/T	T/T	T/T	-	T/T	T/T	T/T	T/T	T/T	T/T	T/T	T/T	T/T	T/T	T/T	T/T	T/T	T/T	T/T	T/T	T/T	T/T	T/T	-	T/T	T/T	T/T	T/T	T/T	T/T	T/T	T/T	T/T	-	T/T	-	T/T	-	T/T	T/T	T/T	-	T/T	T/T	T/T	T/T	T/T	T/T	T/T	T/T	T/T	T/T	T/T	T/T	T/T
26556	84	T/T	T/T	T/T	T/T	T/T	T/T	-	T/T	T/T	T/T	-	-	T/T	T/T	T/T	T/T	T/T	T/T	T/T	T/T	T/T	T/T	T/T	T/T	T/T	-	T/T	T/T	T/T	T/T	T/T	T/T	T/T	T/T	T/T	-	T/T	T/T	T/T	T/T	T/T	-	T/T	T/T	T/T	T/T	G/T	-	T/T	T/T	T/T	T/T	-	T/T	T/T	T/T	T/T	T/T	T/T	T/T	T/T	T/T	T/T	T/T	T/T	T/T	T/T	T/T	T/T	T/T	T/T	T/T	T/T	T/T	T/T	T/T	T/T	T/T	T/T	-	T/T	T/T	T/T	T/T	T/T	T/T	T/T	T/T	T/T	T/T	T/T	T/T	T/T
26579	87	GC/GC	GC/GC	GC/GC	GC/GC	GC/GC	GC/GC	GC/GC	GC/GC	GC/GC	GC/GC	GC/GC	GC/GC	GC/GC	GC/GC	GC/GC	GC/GC	GC/GC	GC/GC	-	AC/GC	GC/GC	GC/GC	GC/GC	GC/GC	GC/GC	-	GC/GC	GC/GC	GC/GC	GC/GC	GC/GC	GC/GC	GC/GC	GC/GC	GC/GC	GC/GC	GC/GC	GC/GC	GC/GC	GC/GC	GC/GC	-	GC/GC	GC/GC	GC/GC	GC/GC	GC/GC	-	GC/GC	GC/GC	GC/GC	GC/GC	GC/GC	GC/GC	GC/GC	GC/GC	GC/GC	GC/GC	-	GC/GC	GC/GC	GC/GC	GC/GC	GC/GC	GC/GC	GC/GC	GC/GC	GC/GC	GC/GC	GC/GC	GC/GC	GC/GC	GC/GC	GC/GT	GC/GT	GC/GC	GC/GC	GC/GC	GC/GC	-	GC/GC	GC/GC	GC/GC	GC/GC	GC/GC	GC/GC	GC/GC	GC/GC	GC/GC	GC/GC	GC/GC	GC/GC	GC/GC
26712	85	A/A	A/T	A/A	-	-	A/A	A/A	A/A	A/A	A/A	-	-	A/A	A/A	A/A	A/A	A/A	A/A	A/A	A/A	A/A	A/A	A/A	A/A	A/A	-	A/A	A/A	A/A	A/A	A/A	A/A	A/A	A/A	A/A	A/A	A/A	A/A	A/A	A/A	A/A	-	A/A	A/A	A/A	A/A	A/A	-	A/A	A/A	A/A	A/A	A/A	A/A	A/A	A/A	A/A	A/A	A/A	A/A	A/A	A/A	A/A	A/A	A/A	A/A	A/A	A/A	A/A	A/A	A/A	A/A	A/A	A/A	A/A	A/A	A/A	A/A	A/A	-	A/A	A/A	A/A	A/A	A/A	A/A	A/A	A/A	A/A	A/A	A/A	A/A	A/A
26969	84	/	/	/	-	-	/	/	/	/	/	-	-	/	/	/	/	/	/	/	/	/	/	/	/	/	-	/	/	/	/	/	/	/	/	/	/	/	/	/	/	/	-	/	/	/	/	/	/	/	/	/	/	/	/	/	/	-	/	/	/	/	-	/	/	/	/	/	/	/	/	/	/	/	/	/	/	-	/	/	/	/	/	/	/	/	/	/	/	/	/	/	/	/
27012	85	GGCT/GGCT	GGCT/GGCT	GGCT/GGCT	-	GGCT/GGCT	-	GGCT/GGCT	GGCT/GGCT	GGCT/GGCT	GGCT/GGCT	GGCT/GGCT	GGCT/GGCT	GGCT/GGCT	GGCT/GGCT	GGCT/GGCT	GGCT/GGCT	GGCT/GGCT	GGCT/GGCT	GGCT/GGCT	GGCT/GGCT	GGCT/GGCT	GGCT/GGCT	GCCT/GCCT	GGCT/GGCT	GGCT/GGCT	-	GGCT/TGCT	GGCT/GGCT	GGCT/GGCT	GGCT/GGCT	GGCT/GGCT	-	GGCT/GGCT	GGCT/GGCT	GGCT/GGCT	GCCT/GGCT	GGCT/GGCT	GGAT/GGCT	GGCT/GGCT	GGCT/GGCT	GGCT/GGCT	-	GGCT/GGCT	-	GGCT/GGCT	GGCT/GGCT	GGCT/GGCT	GGCT/GGCT	GGCT/GGCT	GGCT/GGCT	GGCT/GGCT	GGCT/GGCT	GCCT/GGCT	GGCT/GGCT	GGCT/GGCT	GGCT/GGCT	GGCT/GGCT	GGCT/GGCT	GCCT/GGCT	GGCC/GGCT	GGCT/GGCT	GGCT/GGCT	-	GGCT/GGCT	GGCT/GGCT	GGCT/GGCT	GGCT/GGCT	GGCT/GGCT	GGCT/GGCT	GGCT/GGCT	GGCT/GGCT	GGCT/GGCT	GCCT/GGCT	GGCT/GGCT	GGCT/GGCT	GGCT/GGCT	GGCT/GGCT	GGCT/GGCT	GGCT/GGCT	-	GGCT/GGCT	GGCT/GGCT	GGCT/GGCT	GGCT/GGCT	GGCT/GGCT	GGCT/GGCT	GGCT/GGCT	GGCT/GGCT	GCCT/GGCT	GGCT/GGCT	GGCT/GGCT	GGCT/GGCT	GGCT/GGCT
27287	84	GGTCGTC/GGTCGTC	GGTCGTC/GGTCGTC	GGTCGTC/GGTCGTC	-	GGTCGTC/CGTCGTC	GGTCGTC/GGTCGTC	GGTCGTC/GGTCGTC	GGTCGTC/GGTCGTC	GGTCGTC/GGTCGTC	GGTCGTC/GGTCGTC	GGTCGTC/GGTCGTC	-	NGTCGTC/NGTCGTC	GGTCGTC/GGTCGTC	GGTCGTC/GGTCGTC	GGTCGTC/GGTCGTC	GGTCGTC/GGTCGTC	GGTCGTC/GGTCGTC	GGTCGTC/GGTCGTC	GGTNGTN/GGTNGTN	GGTCGTC/GGTCGTC	GGTCGTC/GGTCGTC	GGTCGTC/GGTCGTC	GGTCGTC/GGTCGTC	GGTCGTC/GGTCGTC	GGTCGTC/GGTCGTT	GGTCGTC/GGTCGTC	GGTCGTC/GGTCGTC	GGTCGTC/GGTCGTC	GGTCGTC/GGTCGTC	GGTCGTC/GGTCGTC	GGTCGTC/GGTCGTC	GGTCGTC/GGTCGTC	GGTCGTC/GGTCGTC	GGTCGTC/GGTCGTC	GGTCGTC/GGTCGTC	GGTCGTC/GGTCGTC	GGTCGTC/GGTCGTC	GGTCGTC/GGTCGTC	GGTCGTC/GGTCGTC	GGTCGTC/GGTCGTC	-	GGTCGTC/GGTCGTC	GGTCGTC/GGTCGTC	GGTCGTC/GGTCGTC	GGTCGTC/GGTCGTC	GGTCGTC/GGTCGTC	GGTCGTC/GGTCGTC	GGTCGTC/GGTCGTC	GGTCGTC/GGTCGTC	-	GGTCGTC/GGTCGTC	GGTCGTC/GGTCGTC	GGTCGTC/GGTCGTC	GGTCGTC/GGTCGTC	GAGCGCC/GGTCGTC	-	GGTCGTC/GGTCGTC	GGTCGTC/GGTCGTC	NGTCGTC/NGTCGTC	GGTCGTC/GGTCGTC	GGTCGTC/GGTCGTC	GGTCGTC/GGTCGTC	GGTCGTC/GGTCGTC	GGTTTTT/GGTCGTC	GGTCGTC/GGTCGTC	GGTCGTC/GGTCGTC	GGTCGTC/GGTCGTC	GGTCGTC/GGTCGTC	-	GGTCGTC/GGTCGTC	GGTCGTC/GGTCGTC	GGTCGTC/GGTCGTC	GGTCGTC/GGTCGTC	GGTCGTC/GGTCGTC	GGTCGTC/GGTCGTC	GGTCGTC/GGTCGTC	GGTCGTC/GGTCGTC	GGTCGTC/GGTCGTC	-	-	-	GGTCGTC/GGTCGTC	GGTCGTC/GGTCGTC	GGTCGTC/GGTCGTC	GGTCGTC/GGTCGTC	GGTCGTC/GGTCGTC	GGTCGTC/GGTCGTC	GGTTTTT/GGTCGTC	GGTCGTC/GGTCGTC	GGTCGTC/GGTCGTC	GGTCGTC/GGTCGTC	GGTCGTC/GGTCGTC
27423	86	AAC/AAC	AAC/AAC	AAC/AAC	-	-	AAC/AAC	AAC/AAC	AAC/AAC	AAC/AAC	AAC/AAA	-	-	AAC/AAC	AAC/AAC	AAC/AAC	AAC/AAC	AAC/AAC	AAC/AAC	AAC/AAC	AAC/AAC	AAC/AAC	AAC/AAC	AAC/ACC	AAC/AAC	AAC/AAC	AAN/GAN	AAC/AAC	AAC/AAC	AAC/AAC	AAC/AAC	AAC/AAC	AAC/AAC	NAC/NAC	AAC/AAC	AAC/AAC	AAC/AAC	AAC/AAC	AAC/AAC	AAC/AAC	AAC/AAC	AAC/AAC	-	AAC/AAC	AAC/AAC	AAC/AAC	AAC/AAC	AAC/AAC	-	AAC/AAC	AAC/AAC	AAC/AAC	AAC/AAC	AAC/AAC	AAC/AAC	AAC/AAC	AAC/AAC	AAC/AAC	AAC/AAC	AAC/AAC	AAC/AAC	AAC/AAC	AAC/AAC	AAC/AAC	AAC/AAC	AAC/AAC	AAC/AAC	NNC/NNC	AAC/AAC	AAC/AAC	AAC/AAC	AAC/AAC	AAC/AAC	AAC/AAC	AAC/AAC	NNC/NNC	NNC/NNC	AAC/AAC	AAC/AAC	AAC/AAC	-	AAC/AAC	AAC/AAC	AAC/AAC	AAC/AAC	AAC/AAC	AAC/AAC	AAC/AAC	AAC/AAC	AAC/AAC	AAC/AAC	AAC/AAC	AAC/AAC	AAC/AAC
27522	87	TA/TA	TA/TA	TA/TA	TA/TA	-	TA/TA	TA/TA	TA/TA	TA/TA	TA/TA	TA/TA	TA/TA	TA/TA	TA/TA	TA/TA	TA/TA	TA/TA	TA/TA	TA/TA	TA/TA	TA/TA	TA/TA	TA/TA	-	TA/TA	-	TA/TG	TA/TA	TA/TA	TA/TA	TA/TA	TA/TA	TA/TA	TA/TA	TA/TA	TA/TA	-	TA/TA	TA/TA	TA/TA	TA/TA	-	TA/TA	TA/TA	TA/TA	TA/TA	TA/TA	-	TA/TA	TA/TA	TA/TA	TA/TA	TA/TA	TA/TA	TA/TA	TA/TA	TA/TA	TA/TA	TA/TA	TA/TA	TA/TA	TA/TA	TA/TA	TA/TA	TA/TA	TA/TA	TA/TA	TA/TA	TA/TA	TA/TA	CN/CN	TA/TA	TA/TA	TA/TA	TA/TA	TA/TA	TA/TA	TA/TA	TA/TA	TA/TA	TA/TA	TA/TA	TA/TA	TA/TA	TA/TA	TA/TA	TA/TA	TA/TA	TA/TA	TA/TA	TA/TA	TA/TA	TA/TA
30368	88	GG/GG	GG/GG	GG/GG	GG/GG	-	GG/GG	GG/GG	GA/GG	GG/GG	GG/GG	GG/GG	NG/NG	GG/GG	GG/GG	GG/GG	GG/GG	GG/GG	GG/GG	GG/GG	GG/GG	GG/GG	GG/GG	GG/GG	GG/GG	GG/GG	-	GG/GG	GG/GG	GG/GG	GG/GG	GG/GG	GG/GG	GG/GG	GG/GG	GG/GG	GG/GG	GG/GG	GG/GG	GG/GG	GG/GG	GG/GG	-	GG/GG	GG/GG	GG/GG	GG/GG	GG/GG	-	GG/GG	GG/GG	GG/GG	GG/GG	GG/GG	GG/GG	NN/NN	GG/GG	GG/GG	GG/GG	GG/GG	GG/GG	GG/GG	GG/GG	GG/GG	GG/GG	GG/GG	GG/GG	GG/GG	GG/GG	GG/GG	GG/GG	GG/GG	GG/GG	GG/GG	GG/GG	GG/GG	GN/GN	GG/GG	GG/GG	GG/GG	-	GG/GG	GG/GG	CG/GG	GG/GG	GG/GG	GG/GG	GG/GG	GG/GG	GG/GG	GG/GG	GG/GG	GG/GG	GG/GG
31865	84	AA/AA	AA/AA	AA/AA	AA/AA	AA/AA	AA/AA	AA/AA	AA/AA	AA/AA	AA/AA	AA/AA	-	AA/AA	AA/AA	AA/AA	AA/AA	AA/AA	AA/AG	AA/AA	AA/AA	AA/AA	AA/AA	AA/AA	AA/AA	AA/AA	AA/AA	-	AA/AA	AA/AA	AA/AA	AA/AA	AA/AG	AA/AA	AA/AA	AA/AA	AA/AA	AA/AA	AA/AA	AA/AA	AA/AA	AA/AA	-	AA/GA	AA/AA	AA/AA	AA/AA	AA/AA	AA/GA	AA/AA	AA/AA	AA/AA	AA/AA	AA/AA	AA/AA	-	AA/AA	AA/AA	-	AA/AA	AA/AA	AA/AA	AA/AA	AA/AA	AA/AA	AA/AA	AA/AA	AA/AA	AA/AA	AA/AA	AA/AA	AA/AA	AA/AA	AA/AA	-	AA/AA	AA/AA	AA/AA	AA/AA	AA/AA	-	-	AA/AA	AA/AA	AA/AA	AA/AA	AA/AA	AA/AA	-	AA/GA	AA/AA	AA/AA	AA/AA	AA/AA
32562	86	G/G	G/G	G/G	G/G	G/G	G/G	G/G	G/G	G/G	G/G	G/G	G/G	G/G	G/G	G/G	G/G	-	G/G	G/G	G/G	G/G	G/G	G/G	G/G	G/G	-	G/G	G/G	G/G	G/G	G/G	G/G	G/G	G/G	G/G	G/G	G/G	G/G	G/G	G/G	G/G	-	G/G	G/G	G/G	G/G	G/G	G/G	G/G	-	G/G	G/G	G/G	G/G	G/G	G/G	G/G	G/T	G/G	G/G	G/G	G/G	G/G	G/G	-	G/G	G/G	G/G	G/G	G/G	G/G	G/G	G/G	G/G	G/G	G/G	G/G	G/G	G/G	G/G	G/G	-	G/G	G/G	G/G	G/G	G/G	-	G/G	G/G	G/G	G/G	G/G
33047	86	ATTC/ATTC	ATTC/ATTC	ATTC/ATTC	-	ATTC/ATTC	ATTC/ATTC	ATTC/ATTC	ATTC/ATTC	ATTC/ATTC	ATTC/ATTC	-	ATTC/ATTC	-	ATTC/ATTC	ATTC/ATTC	ATTC/ATTC	ATTC/ATTC	ATTC/ATTC	ATTC/ATTC	ATTC/ATTC	ATTC/ATTC	ATTC/ATTC	ATTC/ATTC	ATTC/ATTC	ATTC/ATTC	ATTN/GTTN	ATTC/ATTC	ATTC/ATTC	ATTC/ATTC	ATTC/ATTC	ATTC/ATTC	ATTC/ATTC	ATTC/ATTC	ATTA/ATTC	ATTC/ATTC	ATAC/ATTC	ATTC/ATTC	ATTC/ATTC	ATTC/ATTC	ATTC/ATTC	ATTC/ATTC	-	ATTC/ATTC	ATTC/ATTC	ATTC/ATTC	ATTC/ATTC	ACTC/ATTC	ATTC/ATTC	-	ATTC/ATTC	ATTC/ATTC	ATTC/ATTC	ATTC/ATTC	ATTC/ATTC	ATTC/ATTC	ATTC/ATTC	-	ATTC/ATTC	ATTC/ATTC	ATTC/ATTC	ATTC/ATTC	ATTC/ATTC	ATTC/ATTC	ATTC/ATTC	ATTC/ATTC	ATTC/ATTC	ATTC/ATTC	ATTC/ATTC	ATTC/ATTC	ATTC/ATTC	ATTC/ATTC	ATTC/ATTC	ATTC/ATTC	ATTC/ATTC	ATTC/ATTC	ATTC/ATTC	ATTC/ATTC	ATTC/ATTC	ATTC/ATTC	-	ATTC/ATTC	ATTC/ATTC	ATTN/ATTN	ATTC/ATTC	ATTC/ATTC	ATTC/ATTC	ATTC/ATTC	ATTN/ATTN	ATTC/ATTC	ATTC/ATTC	ATTC/ATTC	ATTC/ATTC	ATTC/ATTC
33831	89	GCAACGTC/GCAACGTC	GCAACGTC/GCAACGTC	GCAACGTC/GCCACGTC	GCAACGTC/GCCACGTC	GCAACGTC/GCCACGTC	GCAACGTC/GCAACGTC	GCAACGTC/GCAACGTC	GCAACGTC/GCAACGTC	GCAACGTC/GCAACGTC	GCAACGTC/GCCACGTC	-	GCAACGTC/GCCACGTC	GCAACGTC/GCCACATC	GCAACGTC/GCCACGTC	GCAACGTC/GCAGCGTC	GCAACGTN/GCAACGTN	GCAACGTC/GCAACGTG	GCAACGTC/GCAACGTG	GCAACGTC/GCCACGTC	GCAACGTC/GCCACGTC	GCAACNTN/GCAACNTN	ACAACGTC/GCAACGTC	GCAACGTC/GCCACGTC	GCAACGTC/GCAACGTC	GCAACGTC/GCAGCGTC	-	GCAACGTC/GCCACGTC	GCAACGTC/GCAACGTC	GCAACGTC/GCAACGTC	GCAACGTC/GCCACGTC	GCAACGTC/GCCACGTC	GCNACGTC/GCNACGTC	GCAACGTC/GCAACGTC	GCNACGTC/GCNACGTC	GCAACGTC/GCAACGTC	GCAACGTC/GCAACGTC	GCAACGTC/GCAACGTC	GCAACGTC/GCAACGTC	GCAACGTC/GCAACGTC	GCAACGTC/GCAACGTC	GCAACGTC/GCCACATC	GCAACGTC/GCAACGTC	GCAACGTC/GCAACGTC	GCAACGTC/GCAACGTG	GCNACGTC/GCNACGTC	GCAACGTC/GCAACGTC	GCAACGTN/GCCACGTN	GCAACGTC/GCCACGTC	GCAACGTC/GCAACGTC	GCAACGTC/GCAACGTC	GCAACGTC/GCAACGTC	GCAACGTC/GCAACGTC	GCAACGTC/GCCACGTC	GCAACGTN/GCAACGTN	GCAACGTC/GCAACGTC	GCAACATG/GCAACGTG	GCAACGTC/GCAACGTC	GCAACGTC/GCCACGTC	GCAACGTC/GCCACGTC	GCAACGTC/GCAACGTC	GCAACGCC/GCAACGTC	GCAACGTC/GCAACGTC	GCCACGTC/GCCACGTC	GCAACGTN/GCAACGTN	GCAACGTC/GCAACGTC	-	GCAACGTC/GCAACGTC	GCAACGTC/GCAACGTC	GCAACGTC/GCAACGTC	GCAACGTC/GCAAGGTC	GCAACGNC/GCAACGNC	GCAACGTC/GCCACGTC	GCAACGTC/GCAACGTC	GCAACGTC/GCAACGTC	GCCACGTC/GCCACGTC	GCAACGTC/GCAACGTG	GCAACGTN/GCAACGTN	ACAACGTC/GCCACGTC	GCAACGNN/GCAACGNN	GCAACGTC/GGAACGTC	GCAACGTC/GCAACGTC	GCAACGTC/GCAACGTC	GCCACGTC/GCCACGTC	GCAACGTC/GCAACGTC	GCAACGTC/GCAACGTC	GCAACGTC/GCAACGTC	GCAACGTC/GCCACGTC	GCAACGTC/GCAACGTC	GCAACGTC/GCAACGTC	GCAACGTC/GCAACGTC	-	GCAACGTC/GCAACGTC	GCAACGTC/GCAACGTC
34090	86	CCCG/CCCG	CCCG/CCCG	CCCG/CCCG	CCCG/CCCG	CCCG/CCCG	CCCG/CCCG	CCCG/CCCG	CCCG/CCCG	CCCG/CCCG	NCCG/NCCG	-	CCCG/CCCG	CCCG/CCCG	CCCG/CCCG	CCCG/CCCG	CCCG/CCCG	CCCG/CCCG	CCCG/CCCG	CCCG/CCCG	CCCG/CCCG	CCCG/CCCG	CCCG/CCCG	CCCG/CCCG	CCCG/CCCG	CCCG/CCCG	-	CCCG/CCCG	CCCG/CCCG	CCCG/CCCG	CCCG/CCCG	CCCG/CCCG	CCCG/CCCG	CCCG/CCCG	CCCG/GCCG	CCCG/CCCG	CCCG/CCCG	CCCG/CCCG	CCCG/CCCG	CCCG/CCCG	CCCG/CCCG	CCCG/CCCG	-	CCCG/CCCG	CCCG/CCCG	CCCG/CCCG	CCCG/CCCG	CCCG/CCCG	CCCG/CCCG	CCCG/CCCG	CCCG/CTTG	CCCG/CCCG	CCCG/CCCG	CCCG/CCCG	CCCG/CCCG	CCCG/CCCG	-	CCCG/CCCG	CCCG/CCCG	CCCG/CCCG	CCCA/CCCG	CCCG/CCCG	-	CCCG/CTCG	CCCG/CCCG	CCCG/CCCG	CCCG/CCCG	CCCG/CCCG	CCCG/CCCG	CCCG/CCCG	CCCG/CCCG	-	CCCG/CCCG	CCCG/CCCG	CCCG/CCCG	CCCG/CCCG	-	CCCG/CCCG	CCCG/CCCG	CCCG/CCCG	CCCG/CCCG	CCCG/CCCG	CCCG/CCCG	CCCG/CCCG	CCCG/CCCG	CCCG/CCCG	CCCG/CCCG	CCCG/CCCG	CCCG/CCCG	CCCG/CCCG	CCCG/CCCG	CCCG/CCCG	CCCG/CCCG	CCCG/CCCG
34388	87	AGAGT/AGAGT	AGAGT/AGAGT	AGAGT/AGAGT	AGAGT/AGAGT	AGAGT/AGAGT	AGAGT/AGAGT	AGAGT/AGAGT	AGAGT/AGAGT	AGAGT/AGAGT	AGAGT/AGAGT	AGAGT/AGAGT	AGAGT/AGAGT	AGAGT/AGAGT	AGAGT/AGAGT	AGAGT/AGAGT	AGAGT/AGAGT	AGAGT/AGAGT	AGAGT/AGAGT	AGAGT/AGAGT	AGAGT/AGAGT	AGAGT/AGAGT	AGAGT/AGAGT	AGAGT/AGAGT	AGAGT/AGATT	AGAGT/AGAGT	-	AGAGT/AGAGT	AGAGT/AGAGT	AGAGT/AGAGT	AGAGT/AGAGT	AGAGT/AGAGT	AGAGT/AGAGT	AGAGT/AGAGT	AGAGT/AGAGT	AGAGT/GAAGT	AGAGT/AGAGT	AGAGT/AGAGT	AGAGT/AGAGT	AGAGC/AGAGT	AGAGT/AGAGT	AGAGT/AGAGT	-	AGAGT/AGAGT	AGAGT/AGAGT	AGAGT/AGAGT	AGAGT/AGAGT	AGAGT/AGAGT	-	AGAGT/AGAGT	AGAGT/AGAGT	AGAGT/AGAGT	AGAGT/AGAGT	-	AGAGT/AGAGT	AGAGT/AGAGT	AGAGT/AGAGT	AGAGT/AGAGT	AGAGT/AGAGT	AGAGT/AGAGT	-	AGAGT/AGAGT	AGAGT/AGAGT	AGAGT/AGAGT	AGAGT/AGAGT	AGAGT/AGAGT	AGAGT/AGAGT	AGAGT/AGAGT	AGAGT/AGAGT	AGAGT/AGAGT	AGAGT/AGAGT	AGAGT/AGAGT	AGAGT/AGGGT	AGAGT/AGAGT	AGAGT/AGAGT	AGAGT/AGAGT	AGAGT/AGAGT	AGAGT/AGAGT	AGAGT/AGAGT	AAAGT/AGAGT	-	AGAGT/AGAGT	AGAGT/AGAGT	AGAGT/AGAGT	AGAGT/AGAGT	AGAGT/AGAGT	AGAGT/AGAGT	AGAGT/AGAGT	AGAGT/AGAGT	AGAGT/AGAGT	AGAGT/AGAGT	AGAGT/AGAGT	AGAGT/AGAGT	AGAGT/AGAGT
34881	82	/	/	/	/	/	/	/	/	-	/	-	-	/	/	/	/	/	/	/	/	/	/	/	/	/	-	/	/	/	/	/	/	/	/	/	/	/	/	/	/	/	-	/	/	/	/	-	/	/	/	/	/	/	/	-	/	/	/	/	/	/	/	/	/	-	/	/	/	/	/	/	/	/	/	/	/	/	/	/	-	/	-	/	/	/	/	/	-	/	/	/	/	/
35043	87	G/G	G/G	G/G	G/G	-	A/G	G/G	G/G	G/G	G/G	G/G	G/G	G/G	G/G	G/G	G/G	G/G	G/G	G/G	G/G	G/G	G/G	G/G	G/G	G/G	-	G/G	G/G	G/G	G/G	G/G	G/G	G/G	G/G	G/G	G/G	G/G	G/G	G/G	G/G	G/G	-	G/G	G/G	G/G	G/G	G/G	G/G	G/G	-	G/G	G/G	G/G	G/G	G/G	G/G	G/G	G/G	G/G	G/G	G/G	G/G	G/G	G/G	G/G	G/G	G/G	G/G	G/G	G/G	-	G/G	G/G	G/G	G/G	G/G	G/G	G/G	G/G	-	G/G	G/G	G/G	G/G	G/G	G/G	G/G	G/G	G/G	G/G	G/G	G/G	G/G
35059	83	/	/	/	/	/	-	/	/	/	/	-	-	/	/	/	/	/	/	/	/	/	/	/	/	/	-	/	/	/	/	/	/	/	/	/	/	-	/	/	/	/	-	/	/	/	/	/	/	/	/	/	/	/	/	/	/	/	/	/	/	/	/	/	/	/	/	/	/	/	/	-	/	/	/	/	/	/	/	-	-	/	/	/	/	/	/	/	-	/	/	/	/	/
35068	87	/	/	/	/	-	/	/	/	/	/	-	/	/	/	/	/	/	/	/	/	/	/	/	/	/	/	/	/	/	/	/	/	/	/	-	/	/	/	/	/	/	-	/	/	/	/	/	-	/	/	/	/	/	/	/	/	/	/	/	/	/	/	/	/	/	/	/	/	/	/	/	/	/	/	/	/	/	/	/	-	/	/	/	/	/	/	/	/	/	/	/	/	/
35167	90	TG/TG	TG/TG	TA/TG	TG/TG	TG/TG	TG/TG	-	TG/TG	TG/TG	TG/TG	TG/TG	TG/TG	TG/TG	TG/TG	TG/TG	TG/TG	TG/TG	NG/NG	TG/TG	TG/TG	TG/TG	TG/TG	TG/TG	TG/TG	TG/TG	TG/TG	TG/TG	TG/TG	TG/TG	TG/TG	TG/TG	TG/TG	TG/TG	TG/TG	TG/TG	TG/TG	TG/TG	TG/TG	TG/TG	TG/TG	TG/TG	-	TG/TG	TG/TG	TG/TG	TG/TG	TG/TG	TG/TG	-	TG/TG	TG/TG	TG/TG	TG/TG	TG/TG	TG/TG	TG/TG	TG/TG	TG/TG	TG/TG	TG/TG	TG/TG	TG/TG	TG/TG	TG/TG	TG/TG	GG/TG	TG/TG	TG/TG	TG/TG	TG/TG	TG/TG	TG/TG	TG/TG	TG/TG	GG/TG	GG/TG	TG/TG	TG/TG	TG/TG	TG/TG	TG/TG	TG/TG	TG/TG	TG/TG	TG/TG	TG/TG	TG/TG	TG/TG	TG/TG	TG/TG	TG/TG	TG/TG	TG/TG
35665	82	TGGC/TGGC	TGGC/TGGC	TGGC/TGGC	TGGC/TGGC	TGGC/TGGC	TGGC/TGGC	TGGC/TGGC	TGGC/TGGC	-	TGGC/TGGC	-	-	TGGC/TGGC	TGGC/TGGC	TAGC/TGGC	TGGC/TGGC	TGGC/TGGC	TGGC/TGGC	TGGC/TGGC	TGGC/TGGC	TGGC/TGGC	TGGC/TGGC	TGGC/TGGC	TGGC/TGGC	TGGC/TGGC	-	TGGC/TGGC	TGGC/TGGC	TGGC/TGGC	TGGC/TGGC	TGGC/TGGC	TGGC/TGGC	TGGC/TGTC	TGGC/TGGC	TGGC/TGTC	TGGC/TGGC	TGGC/TGGC	TGGC/TGGC	TGGC/TGGC	TGGC/TGGC	TGGC/TGGC	-	-	TGGC/TGGC	TGGC/TGGC	TGGC/TGGC	TGGC/TGGC	TGGC/TGGC	TGGC/TGGC	TGGC/TGGC	TGGC/TGGC	TGGC/TGGC	TGGC/TGGC	TGGC/TGGC	TGGC/TGGC	TGGC/TGGC	-	TGGC/TGGC	TGGC/TGGC	TGGC/TGGC	TGGC/TGGC	TGGC/TGGT	TGGC/TGGC	TGGC/TGGC	CGGC/TGGC	-	CGGC/TGGC	TGGC/TGGC	-	TGGC/TGGC	TGGC/TGGC	TGGC/TGGC	-	TGGC/TGGC	TGGC/TGGC	-	TGGC/TGGC	TGGC/TGGC	TGGC/TGGC	TGGC/TGGC	TGGC/TGGC	TGGC/TGGC	TGGC/TGGC	TGGC/TGGC	TGGC/TGGC	TGGC/TGGC	TGGC/TGGC	TGGC/TGGC	TGGC/TGGC	TGGC/TGGT	TGGC/TGGC	TGGC/TGGC	TGGC/TGGC
35833	86	TCTGCCATGGA/TCTGCCATGGT	TCTGCAGTGGT/TCTGCCATGGT	TCTGCCATGGT/TCTGCCATGGT	TCTGCCATGGT/TCTGCCATGGT	TCTGACATGGT/TCTGCCATGGT	TCAGCCATGGT/TCTGCCATGGT	-	TCTGCCATGGT/TCTGCCATGGT	TCTGCCATGGT/TCTGCCATGGT	ACTGCCATGGT/TCTGCCATGGT	-	TCTGCCATGGT/TCTGCCATGGT	TCTGCCATGGT/TCTGCCATGGT	TCTGCCATGGT/TCTGCCATGGT	TCTGCCATGGT/TCTGCCATGGT	TCTGCCATGGT/TCTGCCATGGT	TCTGCCATGGT/TCTGCCATGGT	TCTGCCATGGT/TCTGCCATGGT	-	TCTGCCATGGT/TCTGCCATGGT	TCTGCCATGGT/TCTGCCATGGT	TCTGCCATGGT/TCTGCCATGGT	TCTGCCATGGT/TCTGCCATGGT	TCTGACATGGT/TCTGCCATGGT	TCTGCAGTGGT/TCTGCCATGGT	-	TCTGCCATGGT/TCTGCCATGGT	TCAGCCATGGT/TCTGCCATGGT	TCTGCCATGGT/TCTGCCATGGT	TCTGCCATGGT/TCTGCCATGGT	TCTGACATGGT/TCTGCCATGGT	TCTGACATGGT/TCTGCCATGGT	TCTGCCATGGT/TCTGCCATGGT	TCTGNNNTGGT/TCTGNNNTGGT	TCTGACATGGT/TCTGCCATGGT	-	TCTGCCATGGT/TCTGCCATGGT	TCTGCCATGGT/TTTGCCATGGT	TCTGCCATGGT/TCTGCCATGGT	TCTGCCATGGT/TCTGCCATGGT	TCTGCCATGGT/TCTGCCATGGT	-	TCTGCCATGGT/TCTGCCATGGT	TCTGCCATCGT/TCTGCCATGGT	TCTGCCATGGT/TCTGCCATGGT	TCTGCCATGGT/TCTGCCATGGT	TCTGCCACGGT/TCTGCCATGGT	TCTGCCATGGT/TCTGCCATGGT	TCTGCNATGGT/TCTGCNGTGGT	TCTGCCATGAT/TCTGCCATGGT	TCTGCCATGGT/TCTGCCATGGT	TCTGCCATGGT/TCTGCCATGGT	TCTGCCATGGT/TCTGCCATGGT	TCTGCCATGGT/TCTGCCATGGT	TCTGCCATGGT/TCTGCCATGGT	TCTGCCATGGT/TCTGCCATGGT	-	TCTGCCATGGT/TCTGCCATGGT	TCTGCCATGGT/TCTGCCATGGT	TCTGCCATGGT/TCTGCCATGGT	TCTGCCATGGT/TCTGCCATGGT	TCTGCCATGGT/TCTGCCATGGT	TCTGCCATGGT/TCTGCCATGGT	TCTGCCATGGT/TCTGCCATGGT	TCTGCCATGGA/TCTGCCATGGT	TCTGCCATGGT/TCTGCCATGGT	TCTGCCATGGN/TCTGCCATGGN	TCTGCCATGGT/TCTGCCATGGT	TCTGCCATGGT/TCTGCCATGGT	TCTGCCATGGT/TCTGCCATGGT	TCTGCCACGGT/TCTGCCATGGT	TCTGCCATGGT/TCTGCCATGGT	TCTGCCATGGT/TCTGCCATGGT	TCTGCCATGGT/TCTGCCATGGT	TCTGCCATGGT/TCTGCCATGGT	TCTGCCATGGT/TCTGCCATGGT	TCTGCCATGGT/TCTGCCATGGT	TCTGCCATGGT/TCTGCCATGGT	TCTGCCATGGT/TCTGCCATGGT	TCTGCCATGNT/TCTGCCATGNT	TCTGCCATGGT/TCTGCCATGGT	TCTGCCATGGA/TCTGCCATGGT	TCTGNCATGGT/TCTGNCATGGT	TCTGCCATGGT/TCTGCCATGGT	TCTGCCATGGT/TCTGCCATGGT	TCTGCCATGGT/TCTGCCATGGT	TCTGCCATGGT/TCTTCCATGGT	TCTGCCATGGT/TCTGCCATGGT	TCTGCCATGGT/TCTGCCATGGT	TCTGCCATGAT/TCTGCCATGGT	TCTGCCATGGT/TCTGCCATGGT	TCTGCCATGGT/TCTGCCATGGT	TCTGCCATGGT/TCTGCCATGGT
37981	89	GT/GT	GT/GT	GT/GT	GT/GT	GT/GT	GT/GT	GT/GT	GT/GT	GT/GT	GT/GT	GT/GT	GT/GT	GT/GT	GT/GT	GT/GT	GT/GT	GT/GT	GT/GT	GT/GT	GT/GT	GT/GT	GT/GT	GT/GT	GT/GT	GT/GT	GT/GT	GT/GT	GT/GT	GT/GT	GT/GT	GT/GT	GT/GT	GT/GT	GT/GT	GT/GT	GT/GT	GT/GT	GT/GT	GT/GT	GT/GT	GT/GT	-	GT/GT	GT/GT	-	GT/GT	GT/GT	GT/GT	GT/GT	GT/GT	GT/GT	GT/GT	GT/GT	GT/GT	AT/AT	GT/GT	GT/GT	-	GT/GT	GT/GT	GT/GT	GT/GT	GT/GT	GT/GT	GT/GT	GT/GT	GT/GT	GT/GT	GT/GT	GT/GT	GT/GT	GT/GT	GT/GT	GT/GT	GT/GT	GC/GT	GT/GT	GT/GT	GT/GT	GT/GT	GT/GT	GT/GT	GT/GT	GT/GT	GT/GT	GT/GT	GT/GT	GT/GT	GT/GT	-	GT/GT	GT/GT	GT/GT
38520	82	C/C	C/C	C/C	C/C	-	C/C	-	C/C	C/C	C/C	-	-	C/C	C/C	C/C	C/C	C/C	C/C	C/C	C/C	A/C	C/C	C/C	C/C	C/C	-	C/C	C/C	C/C	C/C	C/C	C/C	C/C	C/C	C/C	C/C	C/C	C/C	C/C	C/C	C/C	-	C/C	C/C	C/C	C/C	C/C	-	C/C	C/C	C/C	C/C	-	C/C	C/C	C/C	C/C	C/C	C/C	C/C	C/C	C/C	-	C/C	C/C	C/C	C/C	C/C	C/C	C/C	C/C	C/C	C/C	C/C	C/C	C/C	C/C	-	C/C	-	C/C	C/C	C/C	C/C	C/C	C/C	C/C	C/C	C/C	C/C	C/C	C/C	C/C
38950	91	CTGT/CTGT	CTGT/CTGT	CTGT/CTGT	CTGT/CTGT	CTGT/CTGT	CTGT/CTGT	CTGT/CTGT	CTGT/CTGT	CTGT/CTGT	CTGT/CTGT	-	CTGT/CTGT	CTGT/CTGT	CTGT/CTGT	CTGT/CTGT	CTGT/CTGT	CTGT/CTGT	CTGT/CTGT	CTGT/CTGT	CTGT/CTGT	CTNT/CTNT	CTGT/CTGT	CTGT/CTGT	CTGT/CTGT	CTGT/CTGT	CTGT/CTGT	CTGT/CTGT	CTGT/CTGT	CTGT/CTGT	CTGT/CTGT	CTGT/CTGT	CTGT/CTGT	CTGT/CTGT	CTGT/CTGT	CTGT/CTGT	CTGT/TTGT	CTGT/CTGT	CTGT/CTGT	CCGT/CTGT	CTGT/CTGT	CTGT/CTGT	-	CTGT/CTGT	CTGT/CTGT	CTGT/CTGT	CTGT/CTGT	CTGT/CTGT	CTGT/CTGT	CTGT/CTGT	CTGT/CTGT	CTGT/CTGT	CTGT/CTGT	CTGT/CTGT	CTGT/CTGT	CTGT/CTGT	CTGT/CTGT	CTGT/CTGT	CTGT/CTGT	CTGT/CTGT	CTGT/CTGT	CTGT/CTGT	CTGT/CTGT	CTNT/CTNT	CTGT/CTGT	CTGT/CTGT	CTGT/CTGT	CTGT/CTGT	CTGT/CTGT	CTGT/CTGT	CTGT/CTGT	CTGT/CTGT	CTGT/CTGT	CTGT/CTGT	CTGC/CTGT	CTGT/CTGT	CTGT/CTGT	CTGT/CTGT	CTAT/CTGT	CTGT/CTGT	CTGT/CTGT	CTGT/CTGT	CTGT/CTGT	CTGT/TTGT	CTGT/CTGT	CTGT/CTGT	CTGT/CTGT	CTGT/CTGT	CTGT/CTGT	CTGT/CTGT	CTGT/CTGT	CTGT/CTGT	CTGT/CTGT	CTGT/CTGT
39704	88	G/G	G/G	G/G	-	G/G	G/G	G/G	G/G	G/G	G/G	G/T	-	G/G	G/G	G/G	G/G	G/G	G/G	G/G	G/G	G/G	G/G	G/G	G/G	-	G/G	G/G	G/G	G/G	G/G	G/G	G/G	G/G	G/G	G/G	G/G	G/G	G/G	G/G	G/G	G/G	-	G/G	G/G	G/G	G/G	G/G	G/G	G/G	G/G	G/G	G/G	G/G	G/G	G/G	G/G	G/G	G/G	G/G	G/G	G/G	G/G	G/G	G/G	G/G	G/G	G/G	G/G	G/G	G/G	G/G	G/G	G/G	G/G	G/G	G/G	G/G	G/G	G/G	-	G/G	G/G	G/G	G/G	G/G	G/G	G/G	G/G	G/G	G/G	G/G	G/G	G/G
40411	85	A/A	A/A	A/A	A/A	-	A/A	-	A/A	A/A	A/G	A/A	A/A	A/A	A/A	A/A	A/A	A/A	A/A	A/A	A/A	A/A	A/A	A/A	A/A	A/A	-	A/A	A/A	A/A	A/A	A/A	A/A	A/A	A/A	A/A	A/A	A/A	A/A	A/A	A/A	A/A	-	A/A	A/A	A/A	A/A	A/A	-	A/A	A/A	A/A	A/A	A/A	A/A	A/A	A/A	A/A	A/A	A/A	A/A	A/A	A/A	A/A	A/A	A/A	A/A	A/A	A/A	A/A	A/A	A/A	A/A	-	A/A	-	A/A	A/A	A/A	A/A	-	A/A	A/A	A/A	A/A	A/A	A/A	A/A	A/A	A/A	A/A	A/A	A/A	A/A
40464	89	TGCG/TGCG	TGCG/TGCG	TGCG/TGCG	TGCG/TGCG	TGCG/TGCG	TGCG/TGCG	TGCG/TGCG	TGCG/TGCG	TGCG/TGCG	TGCG/TGCG	-	-	TGCG/TGCG	TGCG/TGCG	TGCG/TGCG	GGCG/TGCG	TGCG/TGCG	TGCG/TGCG	TGCG/TGCG	TGCG/TGCG	TGCG/TGCG	TGCG/TGCG	TGCG/TGCG	TGCG/TGCG	TGCG/TGCG	TGCG/TGCG	TGCG/TGCG	TGCG/TGCG	TGCG/TGCG	TGCG/TGCG	TGCG/TGCG	TGCG/TGCG	TGCG/TGCG	TGCG/TGCG	TGCG/TGCG	TGCG/TGCG	TGCG/TGCG	TGCG/TGCG	TGCG/TGCG	TGCG/TGCG	TGCG/TGCG	-	TGCG/TGCG	-	TGCG/TGCG	TGCG/TGCG	TGCG/TGCG	TGCG/TGCG	TGCG/TGCG	TGCG/TGCG	TGCG/TGCG	TGCG/TGCG	TGCG/TGCG	TGCG/TGCG	TGCG/TGCG	TGCG/TGCG	TGCG/TGCG	TGCG/TGCG	TGCG/TGCG	TGCG/TGCG	TGCG/TGCG	TGCG/TGCG	TGCG/TGCG	TGCG/TGCG	TGCG/TGCG	TGAG/TGCG	TGCG/TGCG	TGCG/TGCG	TGCG/TGCG	TGCG/TGCG	TGCG/TGCG	TGCG/TGCG	TGCA/TGCG	TGCG/TGCG	TGCG/TGCG	TGCG/TGCG	TGCG/TGCG	TGCG/TGCG	TGCG/TGCG	TGCG/TGCG	TGCG/TGCG	TACG/TGCG	TGCG/TGCG	TGCG/TGCG	TGCG/TGCG	TGCG/TGCG	TGCG/TGCG	TGCG/TGCG	TGCG/TGCG	TGCG/TGCG	TGCG/TGCG	TGCG/TGCG	TGCG/TGCG
41423	86	GGGCC/GGGCC	GGGCC/GGGCC	GGGCC/GGGCC	-	GGGCC/GGGCC	GGGCC/GGGCC	GGGCC/GGGCT	GGGCC/GGGCC	GGGCC/GGGCC	-	-	NGGCC/NGGCC	GGGCC/GGGCC	GGGCC/GGGCC	GGGCC/GGGCC	GGACC/GGGCC	GGGCC/GGGCC	GGGCC/GGGCC	GGGCC/GGGCC	GGGCC/GGGCC	GGGCC/GGGCC	GGGCC/GGGCC	GGGCC/GGGCC	AGGCC/GGGCC	GGGCC/GGGCC	-	GGGCC/GGGCC	AGGCC/GGGCC	GGGCC/GGGCC	GGGCC/GGGCC	GGGCC/GGGCC	GAGCC/GGGCC	GGGCC/GGGCC	GGGCC/GGGCC	GGGAC/GGGCC	GGGCC/GGGCC	GGGCC/GGGCC	GGGCC/GGGCC	GGGCC/GGGCC	GGGCC/GGGCT	GGGCC/GGGCC	-	-	GGGCC/GGGCC	GGGCC/GGGCC	GGGCC/GGGCC	GGGCC/GGGCC	GGGCC/GGGCC	GGGCC/GGGCC	GGGCC/GGGCC	GGGCC/GGGCC	GGGCC/GGGCC	GGGCC/GGGCC	GGGCC/GGGCC	GGGCC/GGGCC	GGGCC/GGGCC	GGGCC/GGGCT	GGGCC/GGGCC	GGGCC/GGGCC	GGGCC/GGGCC	GGGCC/GGGCC	GGGCC/GGGCC	GGGCC/GGGCC	GGGCC/GGGCC	GGGCC/GGGCC	GGGCC/GGGCC	GGGCC/GGGCC	GGGCC/GGGCC	GGGCC/GGGCC	GGGCC/GGGCT	GGGCC/GGGCC	GGGCC/GGGCC	GGGCC/GGGCC	GGGCC/GGGCC	GGGCC/GGGCC	GGGCC/GGGCC	GGGCC/GGGCC	GGGCC/GGGCC	GGGCC/GGGCT	-	GGGCC/GGGCC	GGGCC/GGGCC	GNGCC/GNGCC	AGGCC/GGGCC	GGGCC/GGGCC	GGGCC/GGGCC	AGNCC/GGNCC	GGGCC/GGGCC	GGGCC/GGGCC	GGGCC/GGGCC	GGGCC/GGGCC	GGGCC/GGGCT	GGGCC/GGGCC
41848	84	TTTTCCC/TTTTCCC	TTTTCCC/TTTTCCC	TTTTCCC/TTTTTCC	-	-	TTTTCCC/TTTTCCC	TTTTCCC/TTTTCCC	TTTTCCC/TTTTCCC	TTTTCCC/TTTTCCC	TTTTCCC/TTTTCCC	-	TTTTCCC/TTTTCCC	TTTTCCC/TTTTCCC	TTTTCCC/TTTTCCC	TTTTCCC/TTTTCCC	TTTTCCC/TTTTCCC	TTTTCCC/TTTTCCC	TTTTCCC/TTTTCCC	-	TTTTCCC/TTTTCCC	TTTTCCC/TTTTCCC	TTTTCCC/TTTTCCC	-	TTTTCCC/TTTTCCC	TTTTCCC/TTTTCCC	TTTTCCC/TTTTCCC	TTTTCCC/TTTTCCC	TTTTCCC/TTTTCCC	TTTTCCC/TTTTCCC	TTTTCCC/TTTTCCC	TTTTCCC/TTTTCCC	TTTTCCC/TTTTCCC	TTTTCCC/TTTTCCC	TTTTCCC/TTTTCCC	TTTTCCC/TTTTCCC	TTTTCCC/TTTTCCC	TTTTCCC/TTTTCCC	TTTTCCC/TTTTCCT	TTTTCCC/TTTTCCC	TTTTCCC/TTTTCCC	TTTTCCC/TTTTCCC	-	-	TTTTCCC/TTTTCCC	TTTTCCC/TTTTCCC	TTATCCC/TTTTCCC	TTTTCCC/TTTTCCC	TTTTCCC/TTTTCCC	TTTTCCC/TTTTCCC	TTTTCCC/TTTTCCC	TTTTCCC/TTTTCCC	TTTTCCC/TTTTCCC	TTTTCCC/TTTTCCC	TTTTCCC/TTTTCCC	TTTTCCC/TTTTCCC	TTTTCCC/TTTTCCC	-	TTTTCCC/TTTTCCC	TTTTCCC/TTTTCCC	TTTTCCC/TTTTCCC	TTTTCCC/TTTTCCC	TTTTCCC/TTTTCCC	TTTCCCC/TTTTCCC	TTTTCCC/TTTTCCC	TTTTCCC/TTTTCCC	TTTTCCC/TTTTCTC	TTTTCCC/TTTTCCC	TTTTCCC/TTTTCCC	TTTTCCC/TTTTCCC	TTTTCCC/TTTTCCC	CTTTCCC/TTTTCCC	TTTTCCC/TTTTCCC	TTTTCCC/TTTTCCC	TTTTCCC/TTTTCCC	TTTTCCC/TTTTCCC	TTTTCCC/TTTTCCC	TTTTCCC/TTTTCCC	TTTTCCC/TTTTCCC	TTTTCCC/TTTTCCC	-	TCTTCCC/TTTTCCC	TTTTCCC/TTTTCCC	TTTTCCC/TTTTCCC	TTTTCCC/TTTTCCC	TTTTCCC/TTTTCCC	TTTTCCC/TTTTCCC	TTTTCCC/TTTTCCC	TTTTCCC/TTTTTCC	TTTTCCC/TTTTCCC	TTTTCCC/TTTTCCC	TTTTCCC/TTTTCCC	TTTTCCC/TTTTCCC	TTTTCCC/TTTTCCC
43331	89	TTC/TTC	TTC/TTC	TTC/TTC	TTC/TTC	TTC/TTC	TTC/TTC	TTC/TTC	TTC/TTC	TTC/TTC	TTC/TTC	TNC/TNC	-	TTC/TTC	TTC/TTC	TTC/TTC	TTC/TTC	TTC/TTC	TTC/TTC	TTC/TTC	CTC/TTC	TTC/TTC	TTC/TTC	TTC/TTC	TTC/TTC	TTC/TTC	-	TTC/TTC	TTC/TTC	TTC/TTC	TTC/TTC	TTC/TTC	TTC/TTC	TTC/TTC	TTC/TTC	TTC/TTC	TCC/TTC	TTC/TTC	TTC/TTC	TTC/TTC	TTC/TTC	TTC/TTC	-	TTC/TTC	TTC/TTC	TTC/TTC	TTC/TTC	TTC/TTC	TTC/TTC	TNC/TNC	TTC/TTC	TTC/TTC	TTC/TTC	TTC/TTC	TTC/TTC	TNC/TNC	TTC/TTC	TTC/TTC	NNC/NNC	TTC/TTT	TTC/TTC	TTC/TTC	TTC/TTC	CTC/TTC	TTC/TTC	TTC/TTC	TTC/TTC	TTC/TTC	TTC/TTC	TTC/TTC	TTC/TTC	TTC/TTC	TTC/TTC	TTC/TTC	TTC/TTC	TTC/TTC	TTC/TTC	TTC/TTC	CTC/TTC	TTC/TTC	-	TTC/TTC	TTC/TTC	TTC/TTC	TTC/TTC	TTC/TTC	TTC/TTC	TTC/TTC	TTC/TTC	TTC/TTC	TTC/TTC	TTC/TTC	TTC/TTC	TTC/TTC
43460	83	ACGATGCTCA/ACGATGCTCA	ACGATGCTCA/ACGATGCTCA	ACGATGCTCA/ACGATGCTCA	ACGATGCTCA/ACGATGCTCA	ACGATGCTCA/ACGATGCTCA	ACGATGCTCA/ACGATGCTCA	-	ACGATGCTCA/ACGATGCTCA	-	ACGATGCTCA/ACGATGCTCA	-	-	ACGATGCTCA/ACGATGCTCA	ACGATGCTCA/ACGATGCTCG	ACGATGCTCA/ACGATGCTCA	ACGATGCTCA/ACGATGCTCA	ACGATGCTCA/GCGATGCTCA	ACGATGCTCA/ACGATGCTCA	ACGATGCTCA/ACGATGCTCA	ACGATGCTCA/ACGATGCTCA	ACGATGCTCA/ACGATGCTCA	ACGACGCTCA/ACGATGCTCA	ACGATGCTCA/ACGATGCTCA	ACGATGCTCA/ACGATGCTCA	ACGATGCTCA/ACGATGCTCA	-	ACGATGCTCA/ACGATGCTCA	ACGATGCTCA/ACGATGCTCA	ACGATGCTCA/ACGATGCTCA	ACGATGCTCA/ACGATGCTCG	ACGATACGAA/ACGATGCTCA	ACGATGCTCA/ACGATGCTCA	ACGATGCTCA/ACGATGCTCA	ACGATGCTCA/ACGATGCTCA	ACGATGCTCA/ACGATGCTCA	ACGNTGCTCA/ACGNTGCTCA	ACGATGCTCA/ACGATGCTCA	ACGATGCTCA/ACGATGCTCA	ACGATGCTCA/ACGATGCTCA	ACGATGCTCA/ACGATGCTCA	ACGATGCTCA/ACGATGCTCA	-	ACGATGCTCA/ACGATGCTCA	ACGATGCTCA/ACGATGCTCA	ACGATGCTCA/ACGATGCTCA	ACGATGCTCA/ACGATGCTCA	ACGATGCTCA/ACGATGCTCA	-	ACGATGCTCA/ACGATGCTCA	ACGATGCTCA/ACGATGCTCA	ACGATGCTCA/ACGATGCTCA	ACGATGCTCA/ACGATGCTCA	ACGATGCTCA/ACGATGCTCA	ACGATGCTCA/ACGATGCTCA	ACGATGCTCA/ACGATGCTCA	ACGATGCTCA/ACGATGCTCA	-	-	ACGATGCTCA/ACGATGCTCA	ACGATGCTCA/ACGATGCTCA	ACGACGCTCA/ACGATGCTCA	ACGATGCTCA/ACGATGCTCA	ACGATGCTCA/ACGATGCTCA	ACGATGCTCA/ACGATGCTCA	ACGATGCTCA/ACGATGCTCA	ACGATGCTCA/ACGATGCTCA	ACGATGCTCA/ACGATGCTCA	ACGATGCTCA/ATAATGATCA	ACGATGCTCA/ACGATGCTCA	ACGATGCTCA/ACGATGCTCA	ACGATGCTCA/ACGATGCTCA	ACGATGCTCA/ACGATGCTCA	ACGATGCTCA/ACGATGCTCA	ACGATGCTCA/ACGATGCTCA	NCGATGCTCA/NCGATGCTCA	ACGATGCTCA/ACGATGCTCA	ACGATGCTCA/ACGATGCTCA	ACGATGCTCA/ACGATGCTCA	ACGATGCTCA/ACGATGCTCA	-	ACGATGCTCA/ACGATGCTCA	ACGATGCTCA/ACGTTGCTCA	ACGATGCTCA/ACGATGCTCA	ACGATGCTCA/ACGATGCTCA	ACGATGCTCA/ACGATGCTCA	ACGATGCTCA/ACGATGCTCA	ACGATGCTCA/ACGATGCTCA	ACGATGCTCA/ATAATGATCA	ACGATGCTCA/ACGATGCTCA	ACGATGCTCA/ACGATGCTCA	ACGATGCTCA/ACGATGCTCA	ACGATGCTCA/ACGATGCTCA	ACGATGCTCA/ACGATGCTCA
44102	86	/	/	/	/	/	/	/	/	/	/	-	-	/	/	/	/	/	/	/	/	/	/	/	/	/	/	/	/	/	/	/	-	/	/	/	/	/	/	/	/	/	-	/	/	/	/	/	/	/	/	/	/	/	/	/	/	/	/	/	/	/	-	/	/	/	/	/	/	/	/	/	/	/	/	/	/	-	/	/	-	/	/	/	/	/	/	/	/	/	/	/	/	/
44615	86	GT/GT	GT/GT	GT/GT	GT/GT	GT/GT	GT/GT	GT/GT	GT/GT	GT/GT	GT/GT	-	-	GT/GT	GT/GT	GT/GT	GT/GT	GT/GT	GT/GT	GT/GT	GT/GT	GT/GT	GT/GT	GT/GT	GT/GT	GT/GT	GA/GT	GT/GT	GT/GT	GT/GT	GT/GT	GT/GT	GT/GT	GT/GT	GT/GT	GT/GT	GT/GT	GT/GT	GT/GT	GT/GT	GT/GT	GT/GT	GT/GT	GT/GT	GT/GT	GT/GT	AT/GT	GA/GT	GT/GT	-	GT/GT	GT/GT	GT/GT	GN/GN	GT/GT	-	GT/GT	GT/GT	GT/GT	GT/GT	GT/GT	GT/GT	GT/GT	GT/GT	GT/GT	-	GT/GT	GT/GT	GT/GT	GT/GT	GT/GT	GT/GT	GT/GT	GT/GT	GT/GT	GT/GT	-	GT/GT	GT/GT	GT/GT	-	GT/GT	GT/GT	GT/GT	GT/GT	GT/GT	GT/GT	GT/GT	GA/GT	GT/GT	GT/GT	GT/GT	GT/GT	GT/GT
44617	85	G/G	G/G	G/G	G/G	G/G	G/G	G/G	N/N	G/G	-	G/G	-	G/G	G/G	G/G	G/G	G/G	G/G	G/G	G/G	G/G	N/N	G/G	G/G	G/G	-	G/G	G/G	G/G	G/G	G/G	-	G/G	G/G	G/G	G/G	G/G	C/G	G/G	G/G	G/G	-	G/G	G/G	G/G	G/G	G/G	G/G	G/G	G/G	G/G	G/G	G/G	G/G	G/G	G/G	G/G	G/G	G/G	G/G	G/G	-	G/G	G/G	G/G	G/G	G/G	G/G	G/G	G/G	G/G	C/G	G/G	G/G	G/G	-	G/G	G/G	G/G	-	G/G	G/G	G/G	G/G	G/G	G/G	G/G	G/G	G/G	G/G	G/G	G/G	G/G
44756	91	T/T	T/T	T/T	T/T	T/T	T/T	T/T	T/T	T/T	T/T	T/T	-	T/T	T/T	T/T	T/T	T/T	T/T	T/T	T/T	T/T	T/T	T/T	T/T	T/T	T/T	T/T	T/T	T/T	T/T	T/T	T/T	T/T	T/T	T/T	T/T	T/T	T/T	T/T	T/T	T/T	-	T/T	T/T	T/T	T/T	T/T	T/T	T/T	T/T	T/T	T/T	T/T	T/T	T/T	T/T	T/T	T/T	T/T	T/T	T/T	T/T	T/T	T/T	T/T	T/T	T/T	T/T	T/T	T/T	T/T	T/T	T/T	T/T	T/T	T/T	T/T	C/T	T/T	T/T	T/T	T/T	T/T	T/T	T/T	T/T	T/T	T/T	T/T	T/T	T/T	T/T	T/T
44796	87	/	/	/	/	/	/	/	/	/	/	/	/	/	/	/	/	/	/	-	/	/	/	/	/	/	-	/	/	/	/	/	/	/	/	/	/	/	/	/	/	/	-	/	/	/	/	/	-	/	/	/	/	/	/	/	/	/	/	/	/	/	-	/	/	/	/	/	/	/	/	/	/	/	/	/	/	/	/	/	-	/	/	/	/	/	/	/	/	/	/	/	/	/
45231	90	A/A	A/A	A/A	-	A/A	A/A	A/A	A/A	A/A	A/A	A/A	A/A	A/A	A/A	A/A	A/A	A/A	A/A	A/A	A/A	A/A	A/A	A/A	A/A	A/A	-	A/A	A/A	A/A	A/A	A/A	A/A	A/A	A/A	A/A	A/A	A/A	A/A	A/A	A/A	A/A	A/A	A/A	A/A	A/A	A/A	A/A	A/A	A/A	A/A	A/A	A/A	A/A	A/A	A/A	A/A	A/A	A/A	A/A	A/A	A/A	A/A	A/A	A/A	A/A	A/A	A/A	A/A	A/A	A/A	A/A	A/A	A/A	A/A	A/A	A/A	A/A	A/G	A/A	-	A/A	A/A	A/A	A/A	A/A	A/A	A/A	A/A	A/A	A/A	A/A	A/A	A/A
45477	88	consensus	consensus	consensus	-	consensus	consensus	consensus	consensus	consensus	consensus	consensus	consensus	consensus	consensus	consensus	consensus	consensus	consensus	consensus	consensus	consensus	consensus	consensus	consensus	consensus	consensus	consensus	consensus	consensus	consensus	consensus	consensus	consensus	consensus	consensus	consensus	consensus	consensus	consensus	consensus	consensus	-	consensus	consensus	consensus	consensus	consensus	consensus	consensus	consensus	-	consensus	consensus	consensus	consensus	consensus	consensus	consensus	consensus	consensus	consensus	consensus	consensus	consensus	consensus	consensus	consensus	consensus	consensus	consensus	-	consensus	consensus	consensus	consensus	consensus	consensus	consensus	consensus	-	consensus	consensus	consensus	consensus	consensus	consensus	consensus	consensus	consensus	consensus	consensus	consensus	consensus
45671	87	GGCAGG/GGCAGG	GGCAGG/GGCAGG	GGCAGG/GGCAGG	-	GGCAGG/GGCAGG	GGCAGG/GGCAGG	GGCAGG/GGCAGG	GGCAGG/GGCAGG	-	GGCAGG/GGCAGG	-	GGCAGG/GGCAGG	GGCAGG/GGCAGG	GGCAGG/GGCAGG	GGCAGG/GGCAGG	GGCAGG/GGCGGG	AGCAGG/GGCAGG	GGCAGG/GGCAGG	GGCAGG/GGCAGG	GGCAGG/GGCAGG	GGCAGG/GGCAGG	GGCAGG/GGCAGG	GGCAGG/GGCAGG	GGCAGG/GGCAGG	GGCAGG/GGCAGG	-	GGCAGG/GGCAGG	GGCAGG/GGCAGG	GGCAGG/GGCAGG	GGCAGG/GGCAGG	GGCAGG/GGCAGG	GGCAGG/GGCAGG	GGCAGG/GGCAGG	GGCAGG/GGCAGG	GGCAGG/GGCAGG	GGCAGG/GGCAGG	GGCAGG/GGCAGG	GGCAGG/GGCAGG	GGCAGG/GGCAGG	GGCAGG/GGCAGG	GGCAGG/GGCAGG	-	GGCAGG/GGCAGG	GGCAGG/GGCAGG	GGCAGG/GGCAGG	GGCAGG/GGCAGG	GGCAGG/GGCAGG	GGCAGG/GGCAGG	GGCAGG/GGCAGG	-	GGCAGG/GGCAGG	GGCAGG/GGCAGG	GGCAGG/GGCAGG	GGAAGG/GGCAGG	GGCAAG/GGCAGG	GGCAGG/GGCAGG	GGCAGG/GGCAGG	GGCAGG/GGCAGG	GGCAGG/GGCAGG	GGCAGG/GGCAGG	GGCAGG/GGCAGG	GGCAGG/GGCAGG	GGCAGG/GGCAGG	GGCAGG/GGCAGG	GGCAGG/GGCAGG	GGCNGG/GGCNGG	GGCAGG/GGCAGG	GGCAGG/GGCAGG	GGCAGG/GGCAGG	GGCAGG/GGCAGG	GGCAGG/GGCAGG	GGCAGG/GGCAGG	GGCAGG/GGCAGG	GGCAGG/GGCAGG	GGCAGG/GGCAGG	GGCAGG/GGCAGG	GGCAGG/GGCAGG	GGCAGG/GTCAGG	GGCAGG/GGCAGG	GGCAGG/GGCAGG	GGCAGG/GGCAGG	GGCAGG/GGCAGG	GGCAGG/GGCAGG	GGCAGG/GGCAGG	GGCAGG/GGCAGG	GGCAGG/GGCAGG	GGCAGG/GGCAGG	GGCAGG/GGCAGG	GGCAGA/GGCAGG	GGCAGG/GGCAGG	GGCAGG/GGCAGG	GGCAGG/GGCAGG	GGCAGG/GGCAGG
45707	88	CTAC/CTAC	CTAC/CTAC	CTAC/CTAC	CTAC/CTAC	CTAC/CTAC	CTAC/CTAC	CTAC/CTAC	CTAC/CTAC	CTAC/CTAC	CTAC/CTAC	-	CTAC/CTAC	CTAC/CTAC	CTAC/CTAC	CTAC/CTAC	CTAC/TGAC	CTAC/CTAC	CTAC/CTAC	CTAC/CTAC	CTAC/CTAC	CTAC/CTAC	CTAC/CTAC	CTAC/CTAC	CTAC/CTAC	CTAC/CTAC	-	CTAC/CTAC	CTAC/CTAT	CTAC/CTAC	CTAC/CTAC	CTAC/CTAC	CTAC/CTAC	CTAC/CTAC	CTAC/CTAC	CTAC/CTAC	CTAC/CTAC	-	CTAC/CTAC	CTAC/CTAC	CTAC/CTAC	CTAC/CTAC	-	CTAC/CTAC	CTAC/CTAC	CTAC/CTAC	CTAC/CTAC	CTAC/CTAC	CTAC/CTAC	CTAC/CTAC	CTAC/CTAC	CTAC/CTAC	CTAC/CTAC	CTAC/CTAC	CTAC/CTAC	CTAC/CTAC	CTAC/CTAC	CTAC/CTAC	CTAC/CTAC	CTAC/CTAC	CTAC/CTAC	CTAC/CTAC	CTAC/CTAC	CTAC/CTAC	CTAC/CTAC	CTAC/CTAC	CTAC/CTAC	CTAC/CTAC	CTAC/CTAC	CTAC/CTAC	CTAC/CTAC	CTAC/CTCC	CTAC/CTAC	CTAC/CTAC	CTAC/CTAC	CTAC/CTAC	CTAC/CTAC	CTAC/CTAC	CTAC/CTAC	-	CTAC/CTAC	CTAC/CTAC	CTAC/CTAC	CTAC/CTAC	CTAC/CTAC	CTAC/CTAC	CTAC/CTAC	CTAC/CTAC	CTAC/CTAC	CTAC/CTAC	CTAC/CTAC	CTAC/CTAC	CTAC/CTAC	CTAC/CTAC
46674	83	ATC/ATC	ATC/ATC	ATC/ATC	ATC/ATC	ATC/ATC	ATC/ATC	ATC/ATC	ATC/ATC	ATC/ATC	AAC/ATC	ATC/ATC	-	ATC/ATC	ATC/ATC	ATC/ATC	-	ATC/ATC	ATC/ATC	ATC/ATC	ATC/ATC	ATC/ATC	ATC/ATC	ATC/ATC	ATC/ATC	ATC/ATC	-	ATC/ATC	ATC/ATC	ATC/ATC	ATC/ATC	ATC/ATC	ATC/ATC	ATC/ATC	ATC/ATC	ATC/ATC	ATC/ATC	ATC/ATC	ATC/ATC	ATC/ATC	ATC/ATC	ATC/ATC	-	ATC/ATC	ATC/ATC	ATC/ATC	ATC/ATC	-	ATC/ATC	ATC/ATC	ATC/ATC	ATC/ATC	ATC/ATC	ATC/GTC	ATC/ATC	ATC/ATC	ATC/ATC	ATC/ATC	ATC/ATC	ATC/ATC	ATC/ATC	ATC/ATC	ATC/ATC	ATC/ATC	ATC/ATC	ATC/ATC	ATC/ATC	ATC/ATC	ATC/ATC	ATC/ATC	ATC/ATC	ATC/ATC	ATC/ATC	ATC/ATC	ATC/ATC	ATC/ATC	-	ATC/ATC	-	ATC/ATC	-	-	ATC/ATC	ATA/ATC	ATC/ATC	ATC/ATC	ATC/ATC	ATC/ATC	-	ATC/ATC	ATC/ATC	ATC/ATC	ATC/ATC	ATC/ATC
47664	87	AT/AT	AT/AT	AT/AT	AT/AT	AT/AT	AT/AT	AT/CT	AT/AT	AT/AT	AT/AT	-	AA/AT	AT/AT	AT/AT	AT/AT	NT/NT	AT/CT	AT/CT	AT/AT	AT/AT	AT/AT	AT/AT	-	AT/AT	AT/AT	AT/AT	AT/AT	AT/AT	AT/AT	AT/AT	AT/AT	AT/AT	AT/AT	AT/AT	AT/AT	AT/AT	AT/AT	AT/AT	AT/AT	AT/AT	AT/AT	-	AT/AT	AT/AT	AT/AT	AT/CT	AT/AT	AT/AT	AT/AT	AT/AT	-	AT/AT	AT/AT	AT/CT	AT/CT	AT/CT	AT/CT	AT/CT	AT/AT	AT/AT	AT/AT	AT/AT	AT/AT	AT/AT	AT/AT	NT/NT	AT/AT	AT/AT	AT/AT	AT/AT	-	AT/AT	AT/AT	AT/AT	AT/CT	-	AT/AT	AT/AT	AT/AT	AT/AT	AT/AT	AT/AT	AT/AT	AT/AT	AT/AT	AT/AT	AT/AT	AT/AT	AT/AT	AT/AT	AT/AT	AT/AT	AT/AT
49386	87	CAACAC/CAATAC	CAACAC/CAACAC	-	CAACAC/CAACAC	-	CAACAC/CAACAC	CAACAC/CAACAC	CAACAC/CAACAC	CAACAC/CAACAC	CAACAC/CAACAC	CAACAC/CAACAC	CAACAC/CAACAC	CAACAC/CAACAC	CAACAC/CAACAC	CAACAC/CAACAC	CAACAC/CAACAC	CAACAC/CAACAC	CAACAC/CAACAC	-	CAACAC/CAACAC	CAACAC/CAACAC	CAACAC/CAACAC	CAACAC/CAACAC	CAACAC/CAACAC	CAACAC/CAACAC	-	CAACAC/CAACAC	CAACAC/CAACAC	CAACAC/CAACAC	CAACAC/CAACAC	CAACAC/CAACAC	CAACAC/CAACAC	CAACAC/CAACAC	CAACAC/CAACAC	CAACAC/CAACAC	CAACAC/CAACAC	CAACAC/CAACAC	CAACAC/CAACAC	CAACAC/CAACAC	CAACAC/CAACAC	CAACAC/CAACAC	-	CAACAC/CAACAC	CAACAC/CAACAC	CAACAC/CAACAC	CAACAC/CCACAC	CAACAC/CAACAC	CAACAC/CAGCAC	CAACAC/CAACAC	CAACAC/CAACAC	CAACAC/CAACAC	CAACAC/CAACAC	CAACAC/CAACAC	CAACAC/CAACAC	CAACAC/CAACAC	CAACAC/CAACAC	CAACAC/CAACAC	CAACAC/CAACAC	CAACAC/CAATAC	CAACAC/CAACAC	CAACAC/CAACAC	CAACAC/CAACAC	CAACAC/CAACAC	CAACAC/TAACAC	CAACAC/CAACAC	CAACAC/CAACAC	CAACAC/CAACAC	CAACAC/CAACAC	CAACAC/CAACAC	CAACAC/CAACAC	CAACAC/CAACAC	CAACAC/CAACAC	CAACAC/CAACAC	CAACAC/CAACAC	CAACAC/CAACAC	CAACAC/CAACAT	CAACAC/CAACAC	CAACAC/CAACAC	CAACAC/CAACAC	-	CAACAC/CAACAC	CAACAC/CAACAC	CAACAC/CAACAC	CAACAC/CAACAC	CAACAC/CAACGC	CAACAC/CAACAC	CAACAC/CAACAC	CAACAC/CAACAC	CAACAC/CAACAC	CAACAC/CAACAC	CAACAC/CAACAC	CAACAC/CAACAC	CAACAC/CAACAC
50690	82	C/C	C/C	-	C/C	C/C	C/C	-	C/C	C/C	C/C	-	-	C/C	C/C	C/C	C/C	C/C	C/C	C/C	C/C	C/C	C/C	C/C	C/C	C/C	-	C/C	C/C	C/C	C/C	C/C	C/C	C/C	C/C	C/C	C/C	C/C	C/C	C/C	C/C	C/C	-	C/C	C/C	C/C	C/C	C/C	C/C	-	C/C	C/C	C/C	C/C	C/C	C/C	C/C	C/C	C/C	C/C	C/C	C/C	C/C	C/C	C/C	C/C	C/C	C/C	A/C	C/C	C/C	C/C	-	C/C	C/C	C/C	C/C	C/C	C/C	C/C	-	C/C	C/C	-	C/C	C/C	C/C	C/C	-	C/C	C/C	C/C	C/C	C/C
60865	84	GTGAGTGTCCT/GTGAGTGTCCT	GTGAGTGTCCT/GTGAGTGTCCT	-	GTGAGTGTCCT/GTGAGTGTCCT	GTGAGTGTCCT/GTGAGTGTCCT	GAGAGTGTCCT/GTGAGTGTCCT	GTGGGTGTCCT/GTGGGTGTCCT	GTGAGTGTCCT/GTGAGTGTCCT	-	GTGAGTGTCCT/GTGAGTGTCCT	-	GTGAGTGTTCT/GTGAGTGTCCT	GTGAGTGTCCT/GTGAGTGTCCT	GTGAGTGTCCT/GTGAGTGTCCT	GTGAGTGTCCT/GTGAGTGTCCT	GTGAGTGTCCT/GTGAGTGTCCT	GTGAGTGTCCC/GTGAGTGTCCT	GTGAGTGTCCT/GTGAGTGTCCT	GTGAGTGTCCT/GTGAGTGTCCT	GTGAGTGTCCT/GTGAGTGTCCT	GTGAGTGTCCT/GTGAGTGTCCT	GTGAGTGTCCT/GTGAGTGTCCT	GTGAGTGTCCT/GTGAGTGTCCT	GTGAGTGTCCT/GTGAGTGTCCT	GTGAGTGTCCT/GTGAGTGTCCT	-	GTGAGTGTCCT/GTGAGTGTCCT	GTGAGTGTCCT/GTGAGTGTCTT	GTGAGCATCCT/GTGAGTGTCCT	GTGAGTGTCCT/GTGAGTGTCCT	GTGAGTGTCCT/GTGAGTGTCCT	CTGAGTGTCCT/GTGAGTGTCCT	GTGAGTGTCCT/GTGAGTGTCCT	GTGAGTGTCCT/GTGAGTGTCCT	GTGAGTGTCCT/GTGAGTGTCCT	GTGAGTGTCCT/GTGAGTGTCCT	GTGAGTGTCCT/GTGAGTGTCCT	GTGAGTGTCCT/GTGAGTGTCCT	GTGAGTGTCCT/GTGAGTGTCCT	GTGAGTGTCCT/GTGAGTGTCCT	GTGAGTGTCCT/GTGAGTGTCCT	-	GTGAGTGTCCT/GTGAGTGTCCT	GTGAGTGCCCT/GTGAGTGTCCT	GTGAGTGTCCT/GTGAGTGTCCT	GTGAGTGTCCC/GTGAGTGTCCT	GTGAGTGTCCT/GTGAGTGTCCT	GTGAGTGTCCT/GTGAGTGTCCT	GTGAGTGTCCT/GTGAGTGTCCT	GTGAGTGTCCT/GTGAGTGTCCT	GTGAGTGTCCT/GTGAGTGTCCT	GTGAGTGTCCT/GTGAGTGTCCT	GTGAGTGTCCT/GTGAGTGTCCT	GTGAGTGTCCT/GTGGGTGTCCT	GTGAGTGTCCT/GTGAGTGTCCT	GTGAGTGTCCT/GTGAGTGTCCT	-	GTGAGTGTNCT/GTTATTGTNCT	GTGAGTGTCCT/GTGAGTGTCCT	GTGAGTGTCCT/GTGAGTGTCCT	GTGAGTGTCCT/GTGAGTGTCCT	GTGAGTGTCCT/GTGAGTGTCCT	GTGAGTGTCCT/GTGAGTGTCCT	-	GTGAGTGTCCT/GTGAGTGTCCT	GTGNGTGTCCT/GTGNGTGTCCT	GTGAGTGTCCT/GTGAGTGTCCT	GTGAGTGTCCT/GTGAGTGTCTT	GTGAGTGTCCT/GTGAGTGTCCT	GTGAGTGTCCT/GTGAGTGTCCT	-	GTGAGTGTCCT/GTGAGTGTCCT	GTGAGTGTCCT/GTGAGTGTCCT	GTGAGTGTCCT/GTGAGTGTCCT	GTGAGTGTCCN/GTGAGTGTCCN	GTGAGTGTCCT/GTGAGTGTCCT	GTGAGTGTCCT/GTGAGTGTCCT	GTGAGTGTCCT/GTGAGTGTCCT	GTGAGTGTCCT/GTGAGTGTCCT	-	GTGAGTGTCCT/GTGAGTGTCCT	GTGAGTGTCCT/GTGAGTGTCCT	GTGAGTGTCCT/GTGAGTGTCCT	GTGAGTGTCCT/GTGAGTGTCCT	GTGAGTGTCCT/GTGAGTGTCCT	GTGAGTGTCCT/GTGAGTGTCCT	GTGAGTGTCCT/GTGAGTGTCCT	GTGAGTGTCCT/GTGAGTGTCTT	GTGAGTGTCCT/GTGAGTGTCCT	GTGAGTGTCCT/GTGAGTGTCCT	GTGAGTGTCCT/GTGAGTGTCCT	GTGAGTGTCCT/GTGAGTGTCCT	GTGAGTGTCCT/GTGAGTGTCCT
754773	81	/	/	/	/	-	/	/	-	/	/	-	/	/	/	/	/	/	-	/	/	/	/	/	/	/	/	/	/	/	/	/	/	/	/	/	/	/	/	/	/	/	-	/	/	/	/	/	/	/	/	/	/	/	/	-	/	/	-	/	/	/	-	-	/	/	/	/	/	/	/	-	/	/	-	/	/	/	/	/	-	/	/	/	/	/	/	/	/	/	/	/	/	/
1096075	88	GGAAAAG/GGAAAAG	GGAAAAG/GGAAAAG	GGAAAAG/GGAAAAG	GGAAAAG/GGAAAAG	GGAAAAG/GGAAAAG	-	GGAAAAG/GGAAAAG	GGAAAAG/GGAAAAG	GGAAAAG/GGAAAAG	GGAAAAG/GGAAAAG	GGAAAAG/GGAAAAG	GGAAAAG/GGAAAAG	GGAAAAG/GGAAAAG	GGAAAAG/GGAAAAG	GGAAAAG/GGAAAAG	GGAAAAG/GGAAAAG	GAAAAAG/GGAAAAG	GGAAAAG/GGAAAAG	GGAAAAG/GGAAAAG	GGAAAAG/GGAAAAG	GGAAAAG/GGAAAAG	GGAAAAG/GGAAAAG	-	GGAAAAG/GGAAAAG	GGAAAAG/GGAAAAG	GGAAAAG/GGAAACG	GGAAAAG/GGAAAAG	GGAAAAG/GGAAAAG	GGAAAAG/GGAAAAG	GGAAAAG/GGAAAAG	GGAAAAG/GGAAAAG	GGAAAAG/GGAAAAG	GGAAAAG/GGAAAAG	GGAAAAG/GGAAAAG	GGAAAAG/GGAAAAG	GGAAAAG/GGAAAAG	GGAAAAG/GGAAAAG	GGAAAAG/GGAAAAG	GGAAAAG/GGAAAAG	GGAAAAG/GGAAAAG	GGAAAAG/GGAAAAG	-	GGAAAAG/GGAAAAG	GGAAAAG/GGAAAAG	GGAAAAG/GGAAGAG	GGAAAAG/GGAAAAG	GGAAAAG/GGGAAAG	-	GGAAAAG/GGAAAAG	GGAAAAG/GGAAAAG	GGAAAAG/GGAAAAG	GGAAAAG/GGAAAAG	GGAAAAG/GGAAAAG	GGAAAAG/GGAAAAG	GGAAAAG/GGAGAAG	GAAAAAG/GGAAAAG	GGAAAAG/GGAAAAG	GGAAAAG/GGAAAAG	GGAAAAG/GGAAAAG	GGAAAAG/GGAAAAG	GGAAAAG/GGAAAAG	GGAAAAG/GGAAAAG	GGAAAAG/GGAAAAG	GGAAAAG/GGAAAAG	GGAAAAG/GGAAAAG	GGAAAAG/GGAAAAG	GGAAAAG/GGAAAAG	GGAAAAG/GGAAAAG	GGAAAAG/GGAAAAG	GGAAAAG/GGAAAAG	-	GGAAAAG/GGAAAAG	GGAAAAG/GGAAAAG	GGAAAAG/GGAAAAG	GGAAAAG/GGAAAAG	GGAAAAG/GGAAAAG	GGAAAAG/GGAAAAG	GGAAAAG/GGAAAAG	GGAAAAG/GGAAAAG	GGAAAAG/GGAAAAG	GGAAAAG/GGAAAAG	GGAAAAA/GGAAAAG	AGAAAAG/GGAAAAG	GGAAAAG/GGAAAAG	GGAAAAG/GGAAAAG	GGAAAAG/GGAAAAG	GGAAAAG/GGAAAAG	GGAAAAG/GGAAAAG	GGAAAAG/GGAAAAG	GGAAAAG/GGAAAAG	GGAAAAG/GGAAAAG	GGAAAAG/GGAAAAG	GGAAAAG/GGAAAAG
1747065	82	/	/	/	/	/	/	/	/	-	/	/	/	/	-	/	/	/	/	/	/	/	/	/	-	/	-	/	/	/	/	/	/	-	/	/	/	/	/	/	/	/	-	/	-	/	/	/	/	/	/	/	/	/	/	/	/	/	/	-	/	/	/	/	/	/	/	-	/	/	/	/	/	/	/	/	/	/	/	/	/	/	/	/	/	/	-	/	/	/	/	-	/	/
2058296	84	G/G	G/G	G/G	-	-	G/G	G/G	G/G	G/G	G/G	-	-	G/G	G/G	G/G	G/G	G/G	G/G	G/G	G/G	G/G	G/G	G/G	G/G	G/G	G/G	G/G	G/G	G/G	G/G	G/G	G/G	G/G	G/G	G/G	G/G	G/G	G/G	G/G	G/G	G/G	G/G	G/G	G/G	G/G	G/G	G/G	-	G/G	G/G	-	G/G	G/G	G/G	G/G	G/G	G/G	-	G/G	G/G	G/G	G/G	-	G/G	G/G	G/G	G/G	G/G	G/G	G/G	G/G	G/G	G/G	G/G	G/G	A/G	G/G	G/G	G/G	-	G/G	G/G	G/G	G/G	G/G	G/G	G/G	G/G	G/G	G/G	G/G	G/G	G/G
2158295	86	/	/	/	-	/	/	/	/	/	-	/	/	/	/	/	/	/	/	/	/	/	/	/	/	/	-	/	/	/	/	/	/	/	/	/	/	/	/	/	/	/	/	/	/	/	/	/	-	/	/	/	/	/	-	/	/	/	/	/	/	/	/	/	/	/	/	/	/	/	/	/	/	-	/	/	/	/	/	/	-	/	/	/	/	/	/	/	/	/	/	/	/	/
2530346	88	CT/CT	CT/CT	CT/CT	CT/CT	-	CT/CT	CT/CT	CT/CT	CT/CT	CT/CT	CT/CT	CT/CT	CT/CT	CT/CT	CT/CT	CT/CT	CT/CT	CT/CT	CT/CT	CT/CT	CT/CT	CT/CT	CT/CT	CT/CT	CT/CT	CT/GT	CT/CT	CT/CT	CT/CT	CT/CT	CT/CT	CT/CT	CT/CT	CT/CT	CT/CT	CT/CT	CT/CT	CT/CT	CT/CT	CT/CT	CT/CT	CT/CT	CN/CN	CT/CT	CT/CT	CT/CT	CC/CT	CT/CT	CT/CT	CT/CT	CT/CT	CT/CT	CT/CT	CT/CT	CT/CT	CT/CT	CT/CT	CT/CT	CT/CT	CT/CT	CT/CT	CT/CT	CT/CT	CT/CT	-	CT/CT	CT/CT	CT/CT	CT/CT	CT/CT	CT/CT	CT/CT	CT/CT	CT/CT	CT/CT	-	CT/CT	CT/CT	CT/CT	-	CT/CT	-	CT/CT	CT/CT	CT/CT	CT/CT	CT/CT	CT/CT	CT/CT	CT/CT	CT/CT	CT/CT	CT/CT
2555271	84	CC/CC	CC/CC	CC/CC	CC/CC	CC/CC	CC/CC	CC/CC	CC/CC	CC/CC	CC/CC	-	-	CC/CC	CC/CC	CC/CC	CC/CC	CC/CC	CC/CC	CC/CC	CC/CC	CC/CC	CC/CC	-	CC/CC	CC/CC	-	CC/CC	CC/CC	CC/CC	CC/CC	-	CC/CC	-	AT/CC	CC/CC	CC/CC	CC/CC	CC/CC	CC/CC	CC/CC	CC/CC	CC/CC	-	CC/CC	CC/CC	CC/CC	CC/CC	CC/CC	CC/CC	CC/CC	CC/CC	CC/CC	CC/CC	CC/CC	CC/CC	CC/CC	CC/CC	CC/CC	CC/CC	CC/CC	CC/CC	CC/CC	CC/CC	-	CC/CC	CC/CC	CC/CC	CC/CC	CC/CC	CC/CC	CC/CC	CC/CC	CC/CC	CC/CC	CC/CC	CC/CC	CC/CC	CC/CC	CC/CC	-	CC/CC	CC/CC	CC/CC	CC/CC	CC/CC	CC/CC	CC/CC	CC/CC	CC/CC	CC/CC	CC/CC	CC/CC	CC/CC
